Entity,Code,StartYear,EndYear,LatestMean,LatestMedian,LatestGap,LatestGapRatio
Albania,ALB,1996,2020,14.8471575,12.8386011123657,2.0085563876343002,0.13528221732909482
Armenia,ARM,1999,2024,9.80472183,8.54555702209472,1.2591648079052806,0.12842432755741737
Australia,AUS,1981,2020,72.7112198,59.7066001892089,13.004619610791096,0.17885299746808947
Austria,AUT,1994,2023,81.6312408,71.4395065307617,10.191734269238296,0.12485090474379137
Bangladesh,BGD,1983,2022,7.51024199,6.17493867874145,1.3353033112585502,0.17779764127927258
Belarus,BLR,1998,2020,20.5472126,18.3853340148925,2.1618785851075017,0.10521517576099357
Belgium,BEL,1985,2023,69.9236145,62.88720703125,7.036407468749999,0.1006299162173603
Benin,BEN,2003,2021,5.2668376,4.20006656646728,1.0667710335327198,0.20254488832781173
Bhutan,BTN,2003,2022,18.7418861,16.4896068572998,2.2522792427001974,0.12017356367885501
Bolivia,BOL,1997,2024,22.1416721,16.8191146850585,5.3225574149415,0.24038642569101631
Bosnia and Herzegovina,BIH,2001,2021,18.3929386,15.7931480407714,2.5997905592286,0.14134721024016247
Brazil,BRA,1981,2024,26.5450954,16.9121055603027,9.632989839697302,0.3628915132735707
Bulgaria,BGR,1992,2023,39.4115982,30.1827220916748,9.2288761083252,0.23416650249735874
Burkina Faso,BFA,1994,2021,4.47209597,3.37372851371765,1.0983674562823498,0.24560462558283377
Burundi,BDI,1992,2020,2.61712742,2.00741958618164,0.6097078338183599,0.2329683412274821
Cameroon,CMR,1996,2021,6.85378742,4.98541450500488,1.8683729149951196,0.272604444885908
Canada,CAN,1971,2022,75.7344742,64.7212753295898,11.013198870410193,0.14541856910931314
Chile,CHL,1987,2024,35.3600655,24.5706577301025,10.789407769897498,0.30512974501977375
China,CHN,1981,2022,17.2153187,13.3631553649902,3.8521633350098003,0.22376369570258378
Colombia,COL,1992,2024,19.7135925,11.2783603668212,8.4352321331788,0.42788913959638764
Costa Rica,CRI,1981,2025,34.095993,23.3897438049316,10.706249195068398,0.31400314972696053
Cote d'Ivoire,CIV,1985,2021,6.07773733,4.75888299942016,1.31885433057984,0.21699758626782248
Croatia,HRV,1988,2023,41.3541222,36.7349395751953,4.619182624804701,0.11169823899211433
Cyprus,CYP,2004,2023,63.3751907,52.1396522521972,11.235538447802796,0.1772860692599509
Czechia,CZE,1992,2023,43.3493614,39.0691299438476,4.2802314561524,0.09873805098666114
Denmark,DNK,1987,2023,72.6738052,60.7226982116699,11.951106988330103,0.1644486201794495
Dominican Republic,DOM,1986,2024,22.7295456,17.4776706695556,5.2518749304444015,0.23105938952182137
Ecuador,ECU,1994,2025,18.9687119,12.7009000778198,6.2678118221801995,0.3304289640341999
Egypt,EGY,1990,2021,9.02752209,7.61085319519043,1.41666889480957,0.15692776829412003
El Salvador,SLV,1989,2023,15.4554262,11.8798818588256,3.5755443411743997,0.2313455672399639
Estonia,EST,1993,2023,43.7975807,36.523811340332,7.273769359667995,0.16607696688753393
Ethiopia,ETH,1995,2021,4.163239,3.48680186271667,0.67643713728333,0.16247857432237978
Finland,FIN,1987,2023,64.4630966,56.4773635864257,7.985733013574297,0.12388069197368184
France,FRA,1970,2023,66.8017273,57.2105484008789,9.591178899121097,0.14357680986373383
Gambia,GMB,1998,2020,6.46606588,4.857421875,1.6086440050000004,0.24878249539270086
Georgia,GEO,1996,2024,10.7140999,8.77147483825683,1.9426250617431702,0.18131481691179396
Germany,DEU,1991,2022,75.8395309,64.1773376464843,11.662193253515696,0.15377459637630347
Greece,GRC,1995,2023,34.2409248,28.9118061065673,5.329118693432701,0.15563594513173606
Guatemala,GTM,1986,2023,12.5116558,8.73046016693115,3.781195633068849,0.30221384711277377
Guinea-Bissau,GNB,1991,2021,4.30890656,3.44952130317688,0.8593852568231197,0.19944392965047722
Honduras,HND,1989,2024,11.5462236,8.35151481628418,3.1947087837158197,0.2766886294940469
India,IND,1977,2022,6.35509253,5.53649520874023,0.8185973212597704,0.12880966207737818
Indonesia,IDN,1984,2025,8.61271667,6.65595245361328,1.956764216386719,0.227194773886219
Iran,IRN,1986,2023,12.7831469,10.1860427856445,2.597104114355501,0.20316625746947342
Ireland,IRL,1987,2023,59.1573334,50.4867820739746,8.670551326025397,0.14656764981947948
Israel,ISR,1979,2022,45.2006111,37.4846534729003,7.715957627099705,0.1707047192355261
Italy,ITA,1977,2023,57.5090904,48.7903861999511,8.718704200048897,0.15160567032805822
Jamaica,JAM,1988,2021,18.9420433,14.2937784194946,4.648264880505401,0.24539405843853185
Japan,JPN,2008,2020,48.108242,42.1728057861328,5.935436213867199,0.1233767015196107
Kazakhstan,KAZ,1993,2021,15.0935431,12.2440023422241,2.8495407577759,0.18879203768768515
Kenya,KEN,1992,2022,4.44054604,3.21497845649719,1.22556758350281,0.27599479263654025
Kosovo,OWID_KOS,2017,2022,12.3461494,10.448184967041,1.8979644329590002,0.15372926176958462
Kyrgyzstan,KGZ,2000,2024,8.03424835,6.85668039321899,1.1775679567810107,0.1465685283155344
Laos,LAO,1992,2024,7.87754726,6.17050647735595,1.7070407826440501,0.21669699035789092
Latvia,LVA,1993,2023,40.0180931,32.9529342651367,7.065158834863304,0.1765491128527387
Lithuania,LTU,1993,2023,46.5285454,37.5957069396972,8.932838460302797,0.19198619650600118
Luxembourg,LUX,1985,2023,106.095955,89.4851913452148,16.610763654785202,0.156563590523175
Madagascar,MDG,1980,2021,2.91194582,2.23939442634582,0.6725513936541803,0.2309628802276892
Malaysia,MYS,1984,2021,39.6962624,29.554759979248,10.141502420752001,0.2554775136903569
Mali,MLI,1994,2021,4.77777433,3.66974163055419,1.1080326994458098,0.23191398816984515
Malta,MLT,2006,2023,65.0806808,56.0288772583007,9.051803541699293,0.13908587664466002
Mexico,MEX,1984,2024,20.0217457,14.2918071746826,5.729938525317401,0.2861857607809593
Moldova,MDA,1997,2023,13.5287523,11.6480894088745,1.8806628911255014,0.13901229392199763
Mongolia,MNG,1995,2022,14.3304796,12.0282621383667,2.302217461633301,0.16065180830607378
Montenegro,MNE,2012,2021,20.6369686,17.7781372070312,2.858831392968799,0.13852961878174294
Mozambique,MOZ,1996,2022,2.38077688,1.4781801700592,0.9025967099407999,0.3791185631560736
Nepal,NPL,1984,2022,9.46692467,8.03238296508789,1.4345417049121085,0.1515319657563208
Netherlands,NLD,1983,2021,75.4958954,69.0861434936523,6.409751906347694,0.08490199198760273
Niger,NER,1992,2021,3.35835981,2.66158080101013,0.69677900898987,0.20747598482899604
Nigeria,NGA,1985,2022,4.15661573,3.38732481002807,0.7692909199719304,0.18507626635285104
Norway,NOR,1979,2023,86.7411499,77.7559127807617,8.985237119238292,0.10358678815760422
Pakistan,PAK,1987,2024,5.43263674,4.32220888137817,1.1104278586218301,0.20439943102505875
Palestine,PSE,2004,2023,15.0179501,12.0482587814331,2.9696913185669,0.19774278771687356
Panama,PAN,1979,2024,28.7001438,18.57639503479,10.12374876521,0.35274209201732293
Paraguay,PRY,1990,2024,21.2746773,14.9219741821289,6.352703117871101,0.29860397073431055
Peru,PER,1997,2024,13.862174,10.669653892517,3.1925201074830003,0.23030443186494415
Philippines,PHL,1985,2023,7.2552371,5.66749811172485,1.5877389882751505,0.2188403998919829
Poland,POL,1985,2023,44.0546227,38.8391723632812,5.215450336718803,0.11838599486447997
Portugal,PRT,2003,2023,41.0671997,33.6769142150878,7.390285484912205,0.1799559146691028
Romania,ROU,1989,2023,32.6554565,29.8524150848388,2.8030414151612,0.08583684675059434
Russia,RUS,1993,2020,26.2665443,20.292100906372,5.974443393628,0.22745448831759724
Rwanda,RWA,2000,2023,4.89517164,3.51024484634399,1.38492679365601,0.28291690169540407
Senegal,SEN,1991,2021,6.51276922,5.03561782836914,1.4771513916308603,0.22680849600730368
Serbia,SRB,2012,2023,24.1025925,21.0575294494628,3.045063050537202,0.12633757345966837
Slovakia,SVK,1992,2023,25.4475555,24.4623928070068,0.9851626929931996,0.03871345100291459
Slovenia,SVN,1987,2023,54.7097435,49.235668182373,5.474075317627005,0.10005668035396664
South Africa,ZAF,1993,2022,12.2729301,6.55796861648559,5.71496148351441,0.4656558325476334
South Korea,KOR,2006,2021,64.3900681,54.25146484375,10.138603256249993,0.15745601077023857
Spain,ESP,1980,2023,54.8494644,47.3042831420898,7.545181257910201,0.13756162143873552
Sweden,SWE,1975,2023,62.8338852,55.6033515930175,7.2305336069824975,0.11507379472028093
Switzerland,CHE,1982,2022,87.389679,72.2890090942382,15.100669905761805,0.17279694900540607
Syria,SYR,1996,2022,5.15911484,4.61311388015747,0.5460009598425302,0.10583229425506066
Taiwan,TWN,1981,2021,55.6078072,46.1442680358886,9.463539164111403,0.17018364220107932
Tajikistan,TJK,1999,2024,9.54427624,7.61428928375244,1.9299869562475607,0.2022140713152243
Thailand,THA,1981,2024,19.5388966,15.7174787521362,3.821417847863801,0.19558002307375946
Togo,TGO,2006,2021,5.03150082,3.85133743286132,1.1801633871386796,0.23455494282095332
Tunisia,TUN,1985,2021,15.8909969,13.0399627685546,2.851034131445399,0.1794119116243361
Turkey,TUR,1987,2023,39.4308739,27.7452926635742,11.6855812364258,0.29635613113879783
Ukraine,UKR,1992,2020,15.5704889,13.7033014297485,1.8671874702515012,0.11991835852061788
United Kingdom,GBR,1968,2021,64.3204651,54.5534553527832,9.767009747216804,0.15184917789434335
United States,USA,1963,2024,95.5953217,72.0654067993164,23.529914900683593,0.2461408621493618
Uruguay,URY,2006,2024,35.210659,26.8407592773437,8.3698997226563,0.237709260785386
Uzbekistan,UZB,2021,2025,19.4078026,16.539041519165,2.868761080835,0.1478148320013828
Vietnam,VNM,1992,2022,16.5866394,13.3191947937011,3.2674446062988984,0.1969925629599748
Zambia,ZMB,1991,2022,2.85814238,1.67918646335601,1.1789559166439898,0.4124902681174301
