Entity,Code,Year,Mean
Albania,ALB,1996,8.44203186
Albania,ALB,2002,8.62833309
Albania,ALB,2005,9.75392818
Albania,ALB,2008,10.6820698
Albania,ALB,2012,10.127717
Albania,ALB,2014,10.7918272
Albania,ALB,2015,13.0307407
Albania,ALB,2016,13.3358774
Albania,ALB,2017,13.2073412
Albania,ALB,2018,14.1706982
Albania,ALB,2019,14.6318169
Albania,ALB,2020,14.8471575
Armenia,ARM,1999,5.86291838
Armenia,ARM,2001,5.57089663
Armenia,ARM,2002,5.84368277
Armenia,ARM,2003,6.00604582
Armenia,ARM,2004,7.4464407
Armenia,ARM,2005,8.20503616
Armenia,ARM,2006,7.91986847
Armenia,ARM,2007,8.8219862
Armenia,ARM,2008,9.01701069
Armenia,ARM,2009,8.01420784
Armenia,ARM,2010,8.18207455
Armenia,ARM,2011,8.35253239
Armenia,ARM,2012,8.65269852
Armenia,ARM,2013,8.97810459
Armenia,ARM,2014,9.20832157
Armenia,ARM,2015,9.87149525
Armenia,ARM,2016,10.3921566
Armenia,ARM,2017,10.1108513
Armenia,ARM,2018,10.1083403
Armenia,ARM,2019,9.08772182
Armenia,ARM,2020,8.58977985
Armenia,ARM,2021,8.94155884
Armenia,ARM,2022,8.86471748
Armenia,ARM,2023,8.84850311
Armenia,ARM,2024,9.80472183
Australia,AUS,1981,41.7145081
Australia,AUS,1985,43.1035385
Australia,AUS,1989,44.2985535
Australia,AUS,1995,40.79105
Australia,AUS,2001,46.9962845
Australia,AUS,2003,48.4661636
Australia,AUS,2004,52.7492599
Australia,AUS,2008,66.6945648
Australia,AUS,2010,66.4544754
Australia,AUS,2014,71.0417633
Australia,AUS,2016,69.401001
Australia,AUS,2018,70.2994919
Australia,AUS,2020,72.7112198
Austria,AUT,1994,62.7938423
Austria,AUT,1995,61.4581871
Austria,AUT,1996,58.9655571
Austria,AUT,1997,58.9066315
Austria,AUT,1998,61.7680321
Austria,AUT,1999,63.6050606
Austria,AUT,2000,61.8157539
Austria,AUT,2003,65.6081314
Austria,AUT,2004,69.2368622
Austria,AUT,2005,66.1723633
Austria,AUT,2006,67.7436752
Austria,AUT,2007,70.556076
Austria,AUT,2008,71.7359161
Austria,AUT,2009,74.2867355
Austria,AUT,2010,75.0373688
Austria,AUT,2011,73.6302567
Austria,AUT,2012,71.9470825
Austria,AUT,2013,75.4718552
Austria,AUT,2014,74.3084106
Austria,AUT,2015,74.0309219
Austria,AUT,2016,77.3843155
Austria,AUT,2017,76.3483658
Austria,AUT,2018,77.1486359
Austria,AUT,2019,78.6956177
Austria,AUT,2020,78.8999176
Austria,AUT,2021,78.7537003
Austria,AUT,2022,82.4267197
Austria,AUT,2023,81.6312408
Bangladesh,BGD,1983,3.45459914
Bangladesh,BGD,1985,3.81353164
Bangladesh,BGD,1988,3.5017283
Bangladesh,BGD,1991,3.42344069
Bangladesh,BGD,1995,4.15627956
Bangladesh,BGD,2000,4.29205084
Bangladesh,BGD,2005,4.79078197
Bangladesh,BGD,2010,5.12779379
Bangladesh,BGD,2016,5.61994123
Bangladesh,BGD,2022,7.51024199
Belarus,BLR,1998,4.20737648
Belarus,BLR,1999,4.46397018
Belarus,BLR,2000,4.95519543
Belarus,BLR,2001,6.15123987
Belarus,BLR,2002,6.75694847
Belarus,BLR,2003,6.9717536
Belarus,BLR,2004,7.82972002
Belarus,BLR,2005,9.62944412
Belarus,BLR,2006,11.1340885
Belarus,BLR,2007,12.7955933
Belarus,BLR,2008,13.2961349
Belarus,BLR,2009,13.4284668
Belarus,BLR,2010,15.1495113
Belarus,BLR,2011,15.5189238
Belarus,BLR,2012,17.3791409
Belarus,BLR,2013,19.37467
Belarus,BLR,2014,20.1773586
Belarus,BLR,2015,18.0742683
Belarus,BLR,2016,17.3639774
Belarus,BLR,2017,17.8317108
Belarus,BLR,2018,19.3600445
Belarus,BLR,2019,20.4058247
Belarus,BLR,2020,20.5472126
Belgium,BEL,1985,39.6457901
Belgium,BEL,1988,41.6900139
Belgium,BEL,1992,44.8615952
Belgium,BEL,1995,53.7590256
Belgium,BEL,1997,52.8603706
Belgium,BEL,2000,63.4296722
Belgium,BEL,2003,56.8567238
Belgium,BEL,2004,61.3510971
Belgium,BEL,2005,61.281044
Belgium,BEL,2006,60.2434082
Belgium,BEL,2007,61.9940338
Belgium,BEL,2008,62.8256302
Belgium,BEL,2009,63.4764633
Belgium,BEL,2010,63.0080299
Belgium,BEL,2011,61.4727592
Belgium,BEL,2012,63.2195435
Belgium,BEL,2013,63.0879555
Belgium,BEL,2014,63.8445053
Belgium,BEL,2015,64.6001587
Belgium,BEL,2016,63.9018745
Belgium,BEL,2017,64.6085739
Belgium,BEL,2018,66.1235886
Belgium,BEL,2019,68.4186325
Belgium,BEL,2020,68.1416626
Belgium,BEL,2021,70.8381729
Belgium,BEL,2022,68.3912048
Belgium,BEL,2023,69.9236145
Benin,BEN,2003,2.89514232
Benin,BEN,2011,3.14445877
Benin,BEN,2015,3.1562283
Benin,BEN,2018,4.88972473
Benin,BEN,2021,5.2668376
Bhutan,BTN,2003,6.86561871
Bhutan,BTN,2007,8.30360317
Bhutan,BTN,2012,11.3595982
Bhutan,BTN,2017,12.3430166
Bhutan,BTN,2022,18.7418861
Bolivia,BOL,1997,15.2798061
Bolivia,BOL,1999,13.381238
Bolivia,BOL,2000,12.4955864
Bolivia,BOL,2001,12.9572668
Bolivia,BOL,2002,12.9507389
Bolivia,BOL,2004,14.8975992
Bolivia,BOL,2005,15.8481941
Bolivia,BOL,2006,16.8822079
Bolivia,BOL,2007,16.8175068
Bolivia,BOL,2008,17.6352425
Bolivia,BOL,2009,18.6424828
Bolivia,BOL,2011,20.4798851
Bolivia,BOL,2012,20.9617977
Bolivia,BOL,2013,23.107645
Bolivia,BOL,2014,23.2351799
Bolivia,BOL,2015,22.399271
Bolivia,BOL,2016,21.3417358
Bolivia,BOL,2017,21.5630798
Bolivia,BOL,2018,21.1857853
Bolivia,BOL,2019,22.1583748
Bolivia,BOL,2020,22.1432629
Bolivia,BOL,2021,22.0928154
Bolivia,BOL,2022,21.7197933
Bolivia,BOL,2023,22.9324112
Bolivia,BOL,2024,22.1416721
Bosnia and Herzegovina,BIH,2001,14.4676809
Bosnia and Herzegovina,BIH,2004,21.8891811
Bosnia and Herzegovina,BIH,2007,18.8398209
Bosnia and Herzegovina,BIH,2011,18.1157703
Bosnia and Herzegovina,BIH,2015,17.1502247
Bosnia and Herzegovina,BIH,2021,18.3929386
Brazil,BRA,1981,9.64650154
Brazil,BRA,1982,9.83029175
Brazil,BRA,1983,8.30226898
Brazil,BRA,1984,8.24975395
Brazil,BRA,1985,8.70423222
Brazil,BRA,1986,15.5640192
Brazil,BRA,1987,12.222188
Brazil,BRA,1988,12.0502634
Brazil,BRA,1989,13.9897938
Brazil,BRA,1990,10.970602
Brazil,BRA,1992,8.73691559
Brazil,BRA,1993,10.9895163
Brazil,BRA,1995,14.7303619
Brazil,BRA,1996,14.8110628
Brazil,BRA,1997,14.639535
Brazil,BRA,1998,15.0853434
Brazil,BRA,1999,14.1471043
Brazil,BRA,2001,15.8444252
Brazil,BRA,2002,16.0879726
Brazil,BRA,2003,15.3025513
Brazil,BRA,2004,15.3793745
Brazil,BRA,2005,16.1565399
Brazil,BRA,2006,17.3550377
Brazil,BRA,2007,17.946249
Brazil,BRA,2008,18.9088173
Brazil,BRA,2009,19.4888763
Brazil,BRA,2011,20.9802151
Brazil,BRA,2012,22.5078182
Brazil,BRA,2013,23.45541
Brazil,BRA,2014,23.9486141
Brazil,BRA,2015,23.2030907
Brazil,BRA,2016,23.184124
Brazil,BRA,2017,23.1279526
Brazil,BRA,2018,23.941515
Brazil,BRA,2019,24.0464954
Brazil,BRA,2020,23.9441738
Brazil,BRA,2021,21.806385
Brazil,BRA,2022,24.2667198
Brazil,BRA,2023,25.4624233
Brazil,BRA,2024,26.5450954
Bulgaria,BGR,1992,23.6192417
Bulgaria,BGR,2006,12.2997713
Bulgaria,BGR,2007,17.4073315
Bulgaria,BGR,2008,19.1397934
Bulgaria,BGR,2009,19.9726124
Bulgaria,BGR,2010,19.1259995
Bulgaria,BGR,2011,17.7219734
Bulgaria,BGR,2012,18.6304569
Bulgaria,BGR,2013,20.8037949
Bulgaria,BGR,2014,22.1738358
Bulgaria,BGR,2015,21.1633568
Bulgaria,BGR,2016,25.2900696
Bulgaria,BGR,2017,25.1662979
Bulgaria,BGR,2018,29.182106
Bulgaria,BGR,2019,30.1492538
Bulgaria,BGR,2020,33.9415169
Bulgaria,BGR,2021,33.483448
Bulgaria,BGR,2022,35.4106445
Bulgaria,BGR,2023,39.4115982
Burkina Faso,BFA,1994,1.72558951
Burkina Faso,BFA,1998,2.08515215
Burkina Faso,BFA,2003,3.03474879
Burkina Faso,BFA,2009,3.06749582
Burkina Faso,BFA,2014,3.54377198
Burkina Faso,BFA,2018,4.63175821
Burkina Faso,BFA,2021,4.47209597
Burundi,BDI,1992,2.01592803
Burundi,BDI,1998,1.85229433
Burundi,BDI,2006,2.24644399
Burundi,BDI,2013,2.56007361
Burundi,BDI,2020,2.61712742
Cameroon,CMR,1996,4.21573925
Cameroon,CMR,2001,5.96682644
Cameroon,CMR,2007,5.63767672
Cameroon,CMR,2014,7.33791256
Cameroon,CMR,2021,6.85378742
Canada,CAN,1971,36.0418854
Canada,CAN,1973,40.4633369
Canada,CAN,1975,45.1415672
Canada,CAN,1977,47.7368736
Canada,CAN,1979,49.5268898
Canada,CAN,1981,52.0081558
Canada,CAN,1982,50.9760056
Canada,CAN,1984,51.059948
Canada,CAN,1985,52.4381256
Canada,CAN,1986,51.8568611
Canada,CAN,1987,52.9745445
Canada,CAN,1988,54.2744637
Canada,CAN,1989,55.0885849
Canada,CAN,1990,54.8046951
Canada,CAN,1991,53.0475388
Canada,CAN,1992,53.6238823
Canada,CAN,1993,51.9836998
Canada,CAN,1994,53.0905533
Canada,CAN,1995,52.9488831
Canada,CAN,1996,50.9136963
Canada,CAN,1997,51.7387619
Canada,CAN,1998,53.615612
Canada,CAN,1999,54.9737511
Canada,CAN,2000,56.7199593
Canada,CAN,2001,58.87603
Canada,CAN,2002,59.3823433
Canada,CAN,2003,59.4688911
Canada,CAN,2004,60.7996445
Canada,CAN,2005,62.2789879
Canada,CAN,2006,64.049324
Canada,CAN,2007,66.5822754
Canada,CAN,2008,67.7569885
Canada,CAN,2009,68.0735626
Canada,CAN,2010,68.0567551
Canada,CAN,2011,68.4331741
Canada,CAN,2012,69.1435928
Canada,CAN,2013,70.4739151
Canada,CAN,2014,70.778923
Canada,CAN,2015,71.3355026
Canada,CAN,2016,70.7238846
Canada,CAN,2017,73.299675
Canada,CAN,2018,73.5714111
Canada,CAN,2019,73.5657196
Canada,CAN,2020,77.7919769
Canada,CAN,2021,77.7300262
Canada,CAN,2022,75.7344742
Central African Republic,CAF,1992,1.8226279
Central African Republic,CAF,2008,3.73386955
Central African Republic,CAF,2021,2.75290656
Chad,TCD,2003,2.9579134
Chad,TCD,2011,4.4915061
Chad,TCD,2018,4.493536
Chad,TCD,2022,4.57754326
Chile,CHL,1987,11.1663189
Chile,CHL,1990,13.3358221
Chile,CHL,1992,14.2131453
Chile,CHL,1994,15.9462376
Chile,CHL,1996,17.2643337
Chile,CHL,1998,18.5142651
Chile,CHL,2000,15.947298
Chile,CHL,2003,15.7032852
Chile,CHL,2006,18.1581764
Chile,CHL,2009,19.6057129
Chile,CHL,2011,21.0120564
Chile,CHL,2013,25.6859074
Chile,CHL,2015,26.9478741
Chile,CHL,2017,29.435257
Chile,CHL,2020,29.5375938
Chile,CHL,2022,32.5111351
Chile,CHL,2024,35.3600655
China,CHN,1981,1.31476521
China,CHN,1984,1.75270343
China,CHN,1987,2.15378785
China,CHN,1990,2.11456418
China,CHN,1993,2.36934376
China,CHN,1996,3.0998888
China,CHN,1999,3.43426633
China,CHN,2002,4.38612366
China,CHN,2005,5.6937747
China,CHN,2008,7.01159143
China,CHN,2010,8.21017647
China,CHN,2011,8.89667416
China,CHN,2012,9.71623039
China,CHN,2013,10.924859
China,CHN,2014,11.7646837
China,CHN,2015,12.6138706
China,CHN,2016,13.4639912
China,CHN,2017,14.2258024
China,CHN,2018,15.1239824
China,CHN,2019,15.9973583
China,CHN,2020,15.3336296
China,CHN,2021,17.2878189
China,CHN,2022,17.2153187
Colombia,COL,1992,11.0689583
Colombia,COL,1996,10.0464296
Colombia,COL,1999,9.61211491
Colombia,COL,2000,10.7260323
Colombia,COL,2001,8.92925835
Colombia,COL,2002,11.2530956
Colombia,COL,2003,10.6743793
Colombia,COL,2004,11.3190069
Colombia,COL,2005,11.9336939
Colombia,COL,2008,13.5174723
Colombia,COL,2009,13.5852499
Colombia,COL,2010,14.6209164
Colombia,COL,2011,15.249918
Colombia,COL,2012,15.3948908
Colombia,COL,2013,16.1293507
Colombia,COL,2014,16.9099197
Colombia,COL,2015,16.4724464
Colombia,COL,2016,16.2649479
Colombia,COL,2017,16.1758308
Colombia,COL,2018,16.4074135
Colombia,COL,2019,16.3874588
Colombia,COL,2020,14.4269772
Colombia,COL,2021,17.0199375
Colombia,COL,2022,18.4954033
Colombia,COL,2023,18.9814529
Colombia,COL,2024,19.7135925
Comoros,COM,2004,9.44581318
Comoros,COM,2014,6.39336777
Comoros,COM,2020,7.46432495
Comoros,COM,2024,7.78510761
Costa Rica,CRI,1981,6.50953674
Costa Rica,CRI,1986,6.74237823
Costa Rica,CRI,1989,10.8611822
Costa Rica,CRI,1990,11.2049189
Costa Rica,CRI,1991,10.2777977
Costa Rica,CRI,1992,10.9188728
Costa Rica,CRI,1993,12.6504917
Costa Rica,CRI,1994,14.2874823
Costa Rica,CRI,1995,13.6315632
Costa Rica,CRI,1996,12.9167833
Costa Rica,CRI,1997,13.6261826
Costa Rica,CRI,1998,15.3121462
Costa Rica,CRI,1999,14.9170723
Costa Rica,CRI,2000,14.7929134
Costa Rica,CRI,2001,20.1596279
Costa Rica,CRI,2002,20.4880505
Costa Rica,CRI,2003,20.0810566
Costa Rica,CRI,2004,18.7712765
Costa Rica,CRI,2005,19.5114384
Costa Rica,CRI,2006,20.3082066
Costa Rica,CRI,2007,22.6102409
Costa Rica,CRI,2008,22.7700882
Costa Rica,CRI,2009,24.8896923
Costa Rica,CRI,2010,25.4041595
Costa Rica,CRI,2011,26.2049942
Costa Rica,CRI,2012,27.0670586
Costa Rica,CRI,2013,27.8980312
Costa Rica,CRI,2014,27.2619476
Costa Rica,CRI,2015,27.2800064
Costa Rica,CRI,2016,28.323267
Costa Rica,CRI,2017,28.7743301
Costa Rica,CRI,2018,28.1035404
Costa Rica,CRI,2019,27.9786968
Costa Rica,CRI,2020,24.2711029
Costa Rica,CRI,2021,27.5983067
Costa Rica,CRI,2022,26.8094978
Costa Rica,CRI,2023,28.5780735
Costa Rica,CRI,2024,30.7343292
Costa Rica,CRI,2025,34.095993
Cote d'Ivoire,CIV,1985,10.0421028
Cote d'Ivoire,CIV,1986,8.32425308
Cote d'Ivoire,CIV,1987,7.60804129
Cote d'Ivoire,CIV,1988,6.01160622
Cote d'Ivoire,CIV,1992,4.84701824
Cote d'Ivoire,CIV,1995,5.03649521
Cote d'Ivoire,CIV,1998,4.3755765
Cote d'Ivoire,CIV,2008,4.46452236
Cote d'Ivoire,CIV,2015,4.39495993
Cote d'Ivoire,CIV,2018,6.31312037
Cote d'Ivoire,CIV,2021,6.07773733
Croatia,HRV,1988,25.7002983
Croatia,HRV,2009,26.8935547
Croatia,HRV,2010,24.8851223
Croatia,HRV,2011,23.9950924
Croatia,HRV,2012,22.8092976
Croatia,HRV,2013,22.4653149
Croatia,HRV,2014,23.7088451
Croatia,HRV,2015,24.7421341
Croatia,HRV,2016,26.7265205
Croatia,HRV,2017,28.1181164
Croatia,HRV,2018,30.1943321
Croatia,HRV,2019,32.0536156
Croatia,HRV,2020,33.3875275
Croatia,HRV,2021,35.4519501
Croatia,HRV,2022,36.1273155
Croatia,HRV,2023,41.3541222
Cyprus,CYP,2004,49.8819847
Cyprus,CYP,2005,53.2599068
Cyprus,CYP,2006,58.5035286
Cyprus,CYP,2007,58.6152267
Cyprus,CYP,2008,58.16362
Cyprus,CYP,2009,57.5299988
Cyprus,CYP,2010,58.4330559
Cyprus,CYP,2011,58.1642151
Cyprus,CYP,2012,54.9319153
Cyprus,CYP,2013,52.7224121
Cyprus,CYP,2014,49.1369591
Cyprus,CYP,2015,50.0659027
Cyprus,CYP,2016,51.7398605
Cyprus,CYP,2017,52.8140411
Cyprus,CYP,2018,56.8649673
Cyprus,CYP,2019,57.2673912
Cyprus,CYP,2020,58.7701302
Cyprus,CYP,2021,60.3017654
Cyprus,CYP,2022,59.5394173
Cyprus,CYP,2023,63.3751907
Czechia,CZE,1992,20.8557549
Czechia,CZE,1993,22.5968513
Czechia,CZE,1996,25.5818577
Czechia,CZE,2002,28.2564964
Czechia,CZE,2004,30.4108906
Czechia,CZE,2005,31.2247887
Czechia,CZE,2006,32.9467773
Czechia,CZE,2007,34.688736
Czechia,CZE,2008,35.541935
Czechia,CZE,2009,36.0565567
Czechia,CZE,2010,35.9922066
Czechia,CZE,2011,35.9539032
Czechia,CZE,2012,35.3482475
Czechia,CZE,2013,35.5823898
Czechia,CZE,2014,36.4128647
Czechia,CZE,2015,37.9152985
Czechia,CZE,2016,39.3220139
Czechia,CZE,2017,40.6437721
Czechia,CZE,2018,42.5671082
Czechia,CZE,2019,44.544342
Czechia,CZE,2020,45.3026581
Czechia,CZE,2021,47.7830658
Czechia,CZE,2022,44.7561989
Czechia,CZE,2023,43.3493614
Democratic Republic of Congo,COD,2004,1.12452137
Democratic Republic of Congo,COD,2012,2.26597905
Democratic Republic of Congo,COD,2020,1.95070636
Denmark,DNK,1987,54.7671623
Denmark,DNK,1992,53.8354988
Denmark,DNK,1995,55.795433
Denmark,DNK,2000,59.5907936
Denmark,DNK,2003,58.2133064
Denmark,DNK,2004,59.2332878
Denmark,DNK,2005,59.9152946
Denmark,DNK,2006,61.8025208
Denmark,DNK,2007,62.9380455
Denmark,DNK,2008,62.2778511
Denmark,DNK,2009,63.1883659
Denmark,DNK,2010,66.3214493
Denmark,DNK,2011,65.2640228
Denmark,DNK,2012,64.8750992
Denmark,DNK,2013,66.4557571
Denmark,DNK,2014,66.9131851
Denmark,DNK,2015,67.560524
Denmark,DNK,2016,68.6972809
Denmark,DNK,2017,70.3602448
Denmark,DNK,2018,71.0436783
Denmark,DNK,2019,71.0396652
Denmark,DNK,2020,73.0578613
Denmark,DNK,2021,74.9073181
Denmark,DNK,2022,71.8642349
Denmark,DNK,2023,72.6738052
Dominican Republic,DOM,1986,16.4852543
Dominican Republic,DOM,1989,9.79000759
Dominican Republic,DOM,1992,13.270997
Dominican Republic,DOM,1996,14.7770786
Dominican Republic,DOM,1997,16.1840744
Dominican Republic,DOM,2000,17.412077
Dominican Republic,DOM,2001,16.7246304
Dominican Republic,DOM,2002,16.2387295
Dominican Republic,DOM,2003,14.4796391
Dominican Republic,DOM,2004,12.333601
Dominican Republic,DOM,2005,14.2388287
Dominican Republic,DOM,2006,16.2319946
Dominican Republic,DOM,2007,14.8563862
Dominican Republic,DOM,2008,14.3357239
Dominican Republic,DOM,2009,15.4920454
Dominican Republic,DOM,2010,15.2722874
Dominican Republic,DOM,2011,15.8481035
Dominican Republic,DOM,2012,15.1528788
Dominican Republic,DOM,2013,16.0064011
Dominican Republic,DOM,2014,16.5941029
Dominican Republic,DOM,2015,18.2176399
Dominican Republic,DOM,2016,19.5163765
Dominican Republic,DOM,2017,18.4663525
Dominican Republic,DOM,2018,20.2700119
Dominican Republic,DOM,2019,20.5653858
Dominican Republic,DOM,2020,18.1432056
Dominican Republic,DOM,2021,17.5363407
Dominican Republic,DOM,2022,17.9477177
Dominican Republic,DOM,2023,20.2609901
Dominican Republic,DOM,2024,22.7295456
Ecuador,ECU,1994,9.82148361
Ecuador,ECU,1999,10.061986
Ecuador,ECU,2000,7.74668932
Ecuador,ECU,2003,11.5265417
Ecuador,ECU,2004,11.3183413
Ecuador,ECU,2005,13.4336081
Ecuador,ECU,2006,14.780798
Ecuador,ECU,2007,15.5754204
Ecuador,ECU,2008,14.886816
Ecuador,ECU,2009,14.3445921
Ecuador,ECU,2010,15.8759747
Ecuador,ECU,2011,16.3992214
Ecuador,ECU,2012,17.4718208
Ecuador,ECU,2013,18.0809784
Ecuador,ECU,2014,18.2845097
Ecuador,ECU,2015,18.4135571
Ecuador,ECU,2016,18.0338211
Ecuador,ECU,2017,18.5489559
Ecuador,ECU,2018,18.5059204
Ecuador,ECU,2019,18.177063
Ecuador,ECU,2020,16.1641884
Ecuador,ECU,2021,17.3534851
Ecuador,ECU,2022,17.967453
Ecuador,ECU,2023,17.6327515
Ecuador,ECU,2024,16.930481
Ecuador,ECU,2025,18.9687119
Egypt,EGY,1990,7.3431920999999996
Egypt,EGY,1995,7.10959053
Egypt,EGY,1999,8.57697105
Egypt,EGY,2004,7.77369738
Egypt,EGY,2008,7.82007122
Egypt,EGY,2010,8.67843151
Egypt,EGY,2012,8.86745834
Egypt,EGY,2015,9.60954285
Egypt,EGY,2017,8.35249329
Egypt,EGY,2019,8.95934868
Egypt,EGY,2021,9.02752209
El Salvador,SLV,1989,8.6130476
El Salvador,SLV,1991,8.38702106
El Salvador,SLV,1995,9.65727711
El Salvador,SLV,1996,9.62777615
El Salvador,SLV,1998,9.7821207
El Salvador,SLV,1999,10.2118502
El Salvador,SLV,2000,11.550683
El Salvador,SLV,2001,11.0584927
El Salvador,SLV,2002,11.1531363
El Salvador,SLV,2003,10.3223944
El Salvador,SLV,2004,10.6164713
El Salvador,SLV,2005,10.8002119
El Salvador,SLV,2006,10.7684593
El Salvador,SLV,2007,11.5236263
El Salvador,SLV,2008,11.1157293
El Salvador,SLV,2009,10.732893
El Salvador,SLV,2010,10.6240034
El Salvador,SLV,2011,10.3719978
El Salvador,SLV,2012,10.7330589
El Salvador,SLV,2013,11.8390455
El Salvador,SLV,2014,11.5541639
El Salvador,SLV,2015,11.8881979
El Salvador,SLV,2016,11.9818926
El Salvador,SLV,2017,12.0302477
El Salvador,SLV,2018,12.9383707
El Salvador,SLV,2019,14.0736227
El Salvador,SLV,2021,14.1465206
El Salvador,SLV,2022,14.2380638
El Salvador,SLV,2023,15.4554262
Equatorial Guinea,GNQ,2022,9.44112968
Estonia,EST,1993,13.3344431
Estonia,EST,2003,16.8177528
Estonia,EST,2004,18.2906075
Estonia,EST,2005,21.1735363
Estonia,EST,2006,24.655138
Estonia,EST,2007,27.7436028
Estonia,EST,2008,28.6975327
Estonia,EST,2009,27.0193844
Estonia,EST,2010,25.3987656
Estonia,EST,2011,26.3263397
Estonia,EST,2012,27.8415356
Estonia,EST,2013,30.3236561
Estonia,EST,2014,32.7612724
Estonia,EST,2015,35.02948
Estonia,EST,2016,37.2536621
Estonia,EST,2017,39.3884087
Estonia,EST,2018,41.7449799
Estonia,EST,2019,43.9543991
Estonia,EST,2020,45.9222412
Estonia,EST,2021,52.0175056
Estonia,EST,2022,44.2157249
Estonia,EST,2023,43.7975807
Ethiopia,ETH,1995,3.02748346
Ethiopia,ETH,1999,2.97621369
Ethiopia,ETH,2004,3.97417903
Ethiopia,ETH,2010,4.30564594
Ethiopia,ETH,2015,4.75807905
Ethiopia,ETH,2021,4.163239
Finland,FIN,1987,40.0739326
Finland,FIN,1991,45.0904541
Finland,FIN,1995,41.9127426
Finland,FIN,2000,48.6267319
Finland,FIN,2003,51.5582123
Finland,FIN,2004,54.0468674
Finland,FIN,2005,55.8777733
Finland,FIN,2006,56.7459335
Finland,FIN,2007,58.8480568
Finland,FIN,2008,59.5183868
Finland,FIN,2009,60.6865005
Finland,FIN,2010,61.6014977
Finland,FIN,2011,61.9531136
Finland,FIN,2012,62.1015625
Finland,FIN,2013,61.8578987
Finland,FIN,2014,61.5378952
Finland,FIN,2015,62.1007614
Finland,FIN,2016,62.8061523
Finland,FIN,2017,64.1175156
Finland,FIN,2018,65.1260681
Finland,FIN,2019,66.2678833
Finland,FIN,2020,66.2401352
Finland,FIN,2021,67.6025543
Finland,FIN,2022,65.8457642
Finland,FIN,2023,64.4630966
France,FRA,1970,29.7344856
France,FRA,1975,37.4120216
France,FRA,1979,42.5745621
France,FRA,1984,44.9517441
France,FRA,1990,47.8036232
France,FRA,1996,51.0664253
France,FRA,1997,51.4008598
France,FRA,1998,52.7199135
France,FRA,1999,54.1774101
France,FRA,2000,55.4924507
France,FRA,2001,56.9485168
France,FRA,2002,58.3672485
France,FRA,2003,54.1846275
France,FRA,2004,55.0672836
France,FRA,2005,54.3937683
France,FRA,2006,53.6593971
France,FRA,2007,65.1799393
France,FRA,2008,65.7532578
France,FRA,2009,66.3153458
France,FRA,2010,66.6014786
France,FRA,2011,66.9490585
France,FRA,2012,66.3679504
France,FRA,2013,65.7243195
France,FRA,2014,66.4700394
France,FRA,2015,67.3276901
France,FRA,2016,67.568222
France,FRA,2017,67.1848907
France,FRA,2018,68.2951584
France,FRA,2019,64.4055634
France,FRA,2020,65.7901688
France,FRA,2021,65.9707489
France,FRA,2022,66.081337
France,FRA,2023,66.8017273
Gambia,GMB,1998,2.45725083
Gambia,GMB,2003,4.20382452
Gambia,GMB,2010,5.62264204
Gambia,GMB,2015,6.48556423
Gambia,GMB,2020,6.46606588
Georgia,GEO,1996,8.75391865
Georgia,GEO,1997,5.9908433
Georgia,GEO,1998,6.14857483
Georgia,GEO,1999,5.31023121
Georgia,GEO,2000,5.11560822
Georgia,GEO,2001,4.8910408
Georgia,GEO,2002,6.23925495
Georgia,GEO,2003,6.17456818
Georgia,GEO,2004,6.38783264
Georgia,GEO,2005,6.30294466
Georgia,GEO,2006,6.18611336
Georgia,GEO,2007,6.10076809
Georgia,GEO,2008,6.59370518
Georgia,GEO,2009,6.53593254
Georgia,GEO,2010,6.49662638
Georgia,GEO,2011,6.73343372
Georgia,GEO,2012,7.2264924
Georgia,GEO,2013,7.93266726
Georgia,GEO,2014,8.28612995
Georgia,GEO,2015,8.36080933
Georgia,GEO,2016,8.42975807
Georgia,GEO,2017,8.68992043
Georgia,GEO,2018,8.511831279999999
Georgia,GEO,2019,8.51918602
Georgia,GEO,2020,7.75128174
Georgia,GEO,2021,8.06223202
Georgia,GEO,2022,8.94170666
Georgia,GEO,2023,10.1868658
Georgia,GEO,2024,10.7140999
Germany,DEU,1991,57.9181519
Germany,DEU,1992,58.8856201
Germany,DEU,1993,59.0935631
Germany,DEU,1994,57.804348
Germany,DEU,1995,58.2343025
Germany,DEU,1996,59.0889854
Germany,DEU,1997,58.0876999
Germany,DEU,1998,60.0585556
Germany,DEU,1999,61.748661
Germany,DEU,2000,62.7943115
Germany,DEU,2001,62.8216858
Germany,DEU,2002,63.9871674
Germany,DEU,2003,63.6279678
Germany,DEU,2004,64.0978851
Germany,DEU,2005,64.1628723
Germany,DEU,2006,64.7514496
Germany,DEU,2007,65.6304321
Germany,DEU,2008,64.974556
Germany,DEU,2009,65.4517593
Germany,DEU,2010,65.7863159
Germany,DEU,2011,66.0726624
Germany,DEU,2012,65.9544449
Germany,DEU,2013,66.7451859
Germany,DEU,2014,66.7213898
Germany,DEU,2015,68.8257751
Germany,DEU,2016,70.2544327
Germany,DEU,2017,70.8621521
Germany,DEU,2018,73.6159058
Germany,DEU,2019,74.7488556
Germany,DEU,2020,78.1935883
Germany,DEU,2021,77.8079224
Germany,DEU,2022,75.8395309
Greece,GRC,1995,30.7674942
Greece,GRC,2000,34.7137833
Greece,GRC,2002,40.1811447
Greece,GRC,2003,39.3215027
Greece,GRC,2004,41.4423828
Greece,GRC,2005,41.8964539
Greece,GRC,2006,42.2818642
Greece,GRC,2007,43.5115585
Greece,GRC,2008,44.210556
Greece,GRC,2009,44.8818359
Greece,GRC,2010,38.9107513
Greece,GRC,2011,32.2874756
Greece,GRC,2012,28.0277119
Greece,GRC,2013,26.7688675
Greece,GRC,2014,26.6755676
Greece,GRC,2015,27.111021
Greece,GRC,2016,27.6818409
Greece,GRC,2017,28.0972347
Greece,GRC,2018,29.0706749
Greece,GRC,2019,30.9059219
Greece,GRC,2020,31.2613754
Greece,GRC,2021,33.3485413
Greece,GRC,2022,33.109127
Greece,GRC,2023,34.2409248
Guatemala,GTM,1986,5.4858036
Guatemala,GTM,1989,8.78978443
Guatemala,GTM,1998,13.7312574
Guatemala,GTM,2000,17.5009556
Guatemala,GTM,2006,18.0220375
Guatemala,GTM,2014,13.9753542
Guatemala,GTM,2023,12.5116558
Guinea-Bissau,GNB,1991,4.92020273
Guinea-Bissau,GNB,1993,3.9990747
Guinea-Bissau,GNB,2002,2.87196636
Guinea-Bissau,GNB,2010,2.87523961
Guinea-Bissau,GNB,2018,4.66242743
Guinea-Bissau,GNB,2021,4.30890656
Honduras,HND,1989,5.45189905
Honduras,HND,1990,5.14542866
Honduras,HND,1991,5.91330767
Honduras,HND,1992,6.56878901
Honduras,HND,1993,7.86310005
Honduras,HND,1994,7.95346022
Honduras,HND,1995,7.79285002
Honduras,HND,1996,7.18204069
Honduras,HND,1997,8.67539787
Honduras,HND,1998,9.00373745
Honduras,HND,1999,8.35484791
Honduras,HND,2001,10.9426289
Honduras,HND,2002,9.58972836
Honduras,HND,2003,9.02933598
Honduras,HND,2004,9.33368587
Honduras,HND,2005,10.1840496
Honduras,HND,2006,11.1049414
Honduras,HND,2007,12.0264101
Honduras,HND,2008,12.4172325
Honduras,HND,2009,12.202755
Honduras,HND,2010,12.1055651
Honduras,HND,2011,11.6392612
Honduras,HND,2012,10.4077101
Honduras,HND,2013,10.3906956
Honduras,HND,2014,10.6187382
Honduras,HND,2015,10.5274944
Honduras,HND,2016,11.0577774
Honduras,HND,2017,10.8903446
Honduras,HND,2018,10.8649302
Honduras,HND,2019,10.9623718
Honduras,HND,2023,10.9557056
Honduras,HND,2024,11.5462236
India,IND,1977,3.18316889
India,IND,1983,3.40490127
India,IND,1987,3.42279482
India,IND,1993,3.55933428
India,IND,2004,3.7046473
India,IND,2009,4.17308569
India,IND,2011,4.64422178
India,IND,2022,6.35509253
Indonesia,IDN,1984,1.97129548
Indonesia,IDN,1987,1.99270332
Indonesia,IDN,1990,2.4384532
Indonesia,IDN,1993,2.48905635
Indonesia,IDN,1996,2.99691582
Indonesia,IDN,1998,2.21946359
Indonesia,IDN,1999,3.01856422
Indonesia,IDN,2000,3.00977421
Indonesia,IDN,2001,3.18426228
Indonesia,IDN,2002,3.82124972
Indonesia,IDN,2003,3.81137276
Indonesia,IDN,2004,3.83668303
Indonesia,IDN,2005,4.00963259
Indonesia,IDN,2006,3.81022811
Indonesia,IDN,2007,4.25404167
Indonesia,IDN,2008,4.37431669
Indonesia,IDN,2009,4.42362499
Indonesia,IDN,2010,4.86520529
Indonesia,IDN,2011,5.42475033
Indonesia,IDN,2012,5.69465971
Indonesia,IDN,2013,5.92833233
Indonesia,IDN,2014,6.06040001
Indonesia,IDN,2015,6.25361967
Indonesia,IDN,2016,6.61656141
Indonesia,IDN,2017,7.03939247
Indonesia,IDN,2018,7.42871618
Indonesia,IDN,2019,7.50805664
Indonesia,IDN,2020,7.70099401
Indonesia,IDN,2021,7.95818472
Indonesia,IDN,2022,7.91340971
Indonesia,IDN,2023,8.16053104
Indonesia,IDN,2024,8.25537586
Indonesia,IDN,2025,8.61271667
Iran,IRN,1986,8.70366287
Iran,IRN,1990,7.767241
Iran,IRN,1994,8.96333408
Iran,IRN,1998,9.66663647
Iran,IRN,2005,14.8736629
Iran,IRN,2006,15.2943506
Iran,IRN,2009,14.7429962
Iran,IRN,2011,12.2738819
Iran,IRN,2012,12.4398232
Iran,IRN,2013,11.9253616
Iran,IRN,2014,11.5563593
Iran,IRN,2015,11.7931051
Iran,IRN,2016,11.9433126
Iran,IRN,2017,12.7082548
Iran,IRN,2018,12.2233887
Iran,IRN,2019,10.9882278
Iran,IRN,2020,10.7377396
Iran,IRN,2021,11.5738916
Iran,IRN,2022,12.0989237
Iran,IRN,2023,12.7831469
Iraq,IRQ,2006,11.6209736
Iraq,IRQ,2012,12.301425
Iraq,IRQ,2023,12.9577179
Ireland,IRL,1987,20.0352306
Ireland,IRL,1994,29.2060909
Ireland,IRL,1995,30.1440582
Ireland,IRL,1996,31.5776749
Ireland,IRL,2000,39.4803619
Ireland,IRL,2002,43.4648361
Ireland,IRL,2003,44.5917473
Ireland,IRL,2004,46.3141861
Ireland,IRL,2005,48.6239281
Ireland,IRL,2006,51.8486595
Ireland,IRL,2007,51.4849091
Ireland,IRL,2008,47.5671463
Ireland,IRL,2009,46.7954674
Ireland,IRL,2010,44.9844284
Ireland,IRL,2011,43.7814522
Ireland,IRL,2012,44.1146011
Ireland,IRL,2013,44.0154152
Ireland,IRL,2014,46.1752892
Ireland,IRL,2015,47.6404877
Ireland,IRL,2016,50.8923264
Ireland,IRL,2017,54.0713501
Ireland,IRL,2018,55.3652534
Ireland,IRL,2019,56.8939018
Ireland,IRL,2020,59.4241867
Ireland,IRL,2021,60.6429558
Ireland,IRL,2022,59.4562836
Ireland,IRL,2023,59.1573334
Israel,ISR,1979,21.8382454
Israel,ISR,1986,21.8402271
Israel,ISR,1992,25.8515873
Israel,ISR,1997,26.9858665
Israel,ISR,2001,30.7873497
Israel,ISR,2002,27.6037159
Israel,ISR,2003,28.5438595
Israel,ISR,2004,29.7063942
Israel,ISR,2005,31.0766392
Israel,ISR,2006,31.6688156
Israel,ISR,2007,33.2092247
Israel,ISR,2008,34.0879669
Israel,ISR,2009,34.1317101
Israel,ISR,2010,34.9374542
Israel,ISR,2011,34.788929
Israel,ISR,2012,36.7356834
Israel,ISR,2013,38.1583672
Israel,ISR,2014,38.9200058
Israel,ISR,2015,40.1415825
Israel,ISR,2016,40.644146
Israel,ISR,2017,42.4814415
Israel,ISR,2018,44.1214371
Israel,ISR,2019,42.6156349
Israel,ISR,2020,42.2018738
Israel,ISR,2021,42.7783051
Israel,ISR,2022,45.2006111
Italy,ITA,1977,28.0488167
Italy,ITA,1978,30.5122948
Italy,ITA,1979,31.7333241
Italy,ITA,1980,33.375267
Italy,ITA,1981,32.2460136
Italy,ITA,1982,33.09058
Italy,ITA,1983,33.0870628
Italy,ITA,1984,34.6570435
Italy,ITA,1986,33.1902924
Italy,ITA,1987,38.8448906
Italy,ITA,1989,42.3094635
Italy,ITA,1991,41.4881592
Italy,ITA,1993,40.4921532
Italy,ITA,1995,40.1893768
Italy,ITA,1998,43.5871277
Italy,ITA,2000,44.4235992
Italy,ITA,2002,44.4437485
Italy,ITA,2003,54.5548172
Italy,ITA,2004,56.1245193
Italy,ITA,2005,55.2555351
Italy,ITA,2006,56.3218613
Italy,ITA,2007,56.6701775
Italy,ITA,2008,55.8491592
Italy,ITA,2009,56.4639053
Italy,ITA,2010,55.4390564
Italy,ITA,2011,54.6121445
Italy,ITA,2012,52.1475983
Italy,ITA,2013,51.55439
Italy,ITA,2014,51.3358002
Italy,ITA,2015,52.617897
Italy,ITA,2016,53.8754005
Italy,ITA,2017,54.817112
Italy,ITA,2018,55.0503159
Italy,ITA,2019,57.1673508
Italy,ITA,2020,57.0096474
Italy,ITA,2021,59.0809631
Italy,ITA,2022,58.2579384
Italy,ITA,2023,57.5090904
Jamaica,JAM,1988,9.56718159
Jamaica,JAM,1990,8.92586422
Jamaica,JAM,1993,6.31050444
Jamaica,JAM,1996,9.64942646
Jamaica,JAM,1999,12.9946089
Jamaica,JAM,2002,14.2153473
Jamaica,JAM,2004,14.1738625
Jamaica,JAM,2018,17.7077694
Jamaica,JAM,2021,18.9420433
Japan,JPN,2008,48.7629623
Japan,JPN,2009,47.4108124
Japan,JPN,2010,48.2463074
Japan,JPN,2011,46.3096275
Japan,JPN,2012,46.7515945
Japan,JPN,2013,45.7916985
Japan,JPN,2014,46.6443748
Japan,JPN,2015,47.2595596
Japan,JPN,2016,46.7709923
Japan,JPN,2017,47.4810753
Japan,JPN,2018,46.2133179
Japan,JPN,2019,46.602787
Japan,JPN,2020,48.108242
Kazakhstan,KAZ,1993,6.84517813
Kazakhstan,KAZ,1996,7.30051422
Kazakhstan,KAZ,2001,6.34245825
Kazakhstan,KAZ,2002,6.70331907
Kazakhstan,KAZ,2003,7.20727396
Kazakhstan,KAZ,2004,7.63408232
Kazakhstan,KAZ,2005,8.34899616
Kazakhstan,KAZ,2006,9.3347559
Kazakhstan,KAZ,2007,10.8178587
Kazakhstan,KAZ,2008,10.7531328
Kazakhstan,KAZ,2009,10.6124077
Kazakhstan,KAZ,2010,11.2858076
Kazakhstan,KAZ,2011,13.3927402
Kazakhstan,KAZ,2012,13.6161852
Kazakhstan,KAZ,2013,14.2593164
Kazakhstan,KAZ,2014,13.9161434
Kazakhstan,KAZ,2015,13.280057
Kazakhstan,KAZ,2016,12.2987938
Kazakhstan,KAZ,2017,13.2361002
Kazakhstan,KAZ,2018,14.0785685
Kazakhstan,KAZ,2019,14.0559425
Kazakhstan,KAZ,2020,14.3950996
Kazakhstan,KAZ,2021,15.0935431
Kenya,KEN,1992,8.42335796
Kenya,KEN,1994,5.71064568
Kenya,KEN,1997,6.14718294
Kenya,KEN,2005,5.01561165
Kenya,KEN,2015,5.13421631
Kenya,KEN,2020,4.2380085
Kenya,KEN,2021,4.34319496
Kenya,KEN,2022,4.44054604
Kiribati,KIR,2006,6.13442516
Kiribati,KIR,2019,6.90750694
Kiribati,KIR,2023,9.03587627
Kosovo,OWID_KOS,2017,10.9354687
Kosovo,OWID_KOS,2018,9.38167953
Kosovo,OWID_KOS,2019,12.6328411
Kosovo,OWID_KOS,2020,17.9021263
Kosovo,OWID_KOS,2021,11.9040785
Kosovo,OWID_KOS,2022,12.3461494
Kyrgyzstan,KGZ,2000,2.93509555
Kyrgyzstan,KGZ,2001,3.10668397
Kyrgyzstan,KGZ,2002,3.18624878
Kyrgyzstan,KGZ,2003,3.34952521
Kyrgyzstan,KGZ,2004,4.99767971
Kyrgyzstan,KGZ,2005,4.46759605
Kyrgyzstan,KGZ,2006,5.86446571
Kyrgyzstan,KGZ,2007,5.57231426
Kyrgyzstan,KGZ,2008,6.25833941
Kyrgyzstan,KGZ,2009,6.38980818
Kyrgyzstan,KGZ,2010,6.08697796
Kyrgyzstan,KGZ,2011,6.06952429
Kyrgyzstan,KGZ,2012,5.86085367
Kyrgyzstan,KGZ,2013,5.77713585
Kyrgyzstan,KGZ,2014,6.0374341
Kyrgyzstan,KGZ,2015,5.93765354
Kyrgyzstan,KGZ,2016,6.05572605
Kyrgyzstan,KGZ,2017,6.0972929
Kyrgyzstan,KGZ,2018,6.51691103
Kyrgyzstan,KGZ,2019,6.90411901
Kyrgyzstan,KGZ,2020,6.28243828
Kyrgyzstan,KGZ,2021,6.85118818
Kyrgyzstan,KGZ,2022,6.76185036
Kyrgyzstan,KGZ,2023,7.38898516
Kyrgyzstan,KGZ,2024,8.03424835
Laos,LAO,1992,4.35470104
Laos,LAO,1997,3.33090997
Laos,LAO,2002,4.09888887
Laos,LAO,2007,4.69480848
Laos,LAO,2012,5.97912359
Laos,LAO,2018,7.20700884
Laos,LAO,2024,7.87754726
Latvia,LVA,1993,9.74890423
Latvia,LVA,1995,11.5463572
Latvia,LVA,1996,11.1985054
Latvia,LVA,2004,15.3754673
Latvia,LVA,2005,17.5985546
Latvia,LVA,2006,20.8944054
Latvia,LVA,2007,27.1913109
Latvia,LVA,2008,26.4785461
Latvia,LVA,2009,21.8019676
Latvia,LVA,2010,20.5970535
Latvia,LVA,2011,21.0426083
Latvia,LVA,2012,21.6160202
Latvia,LVA,2013,23.9276657
Latvia,LVA,2014,26.2253151
Latvia,LVA,2015,28.1821175
Latvia,LVA,2016,29.600214
Latvia,LVA,2017,32.0937271
Latvia,LVA,2018,34.9453011
Latvia,LVA,2019,36.2972946
Latvia,LVA,2020,39.1321564
Latvia,LVA,2021,40.902153
Latvia,LVA,2022,37.9860992
Latvia,LVA,2023,40.0180931
Lebanon,LBN,2011,25.1845531
Lebanon,LBN,2022,10.0550804
Lithuania,LTU,1993,6.50005293
Lithuania,LTU,2004,15.7306166
Lithuania,LTU,2005,18.220562
Lithuania,LTU,2006,22.6917515
Lithuania,LTU,2007,26.9265366
Lithuania,LTU,2008,28.8254757
Lithuania,LTU,2009,23.8876514
Lithuania,LTU,2010,21.4925098
Lithuania,LTU,2011,23.5003643
Lithuania,LTU,2012,25.30443
Lithuania,LTU,2013,26.4310913
Lithuania,LTU,2014,28.8781757
Lithuania,LTU,2015,31.7925205
Lithuania,LTU,2016,34.0129051
Lithuania,LTU,2017,36.2201118
Lithuania,LTU,2018,38.8932953
Lithuania,LTU,2019,42.8106575
Lithuania,LTU,2020,48.7067451
Lithuania,LTU,2021,50.2281799
Lithuania,LTU,2022,46.8238297
Lithuania,LTU,2023,46.5285454
Luxembourg,LUX,1985,49.4200516
Luxembourg,LUX,1986,54.633255
Luxembourg,LUX,1987,60.2693558
Luxembourg,LUX,1988,62.6963577
Luxembourg,LUX,1989,67.9113235
Luxembourg,LUX,1990,68.6924133
Luxembourg,LUX,1991,68.9283676
Luxembourg,LUX,1992,71.7435837
Luxembourg,LUX,1993,71.8484879
Luxembourg,LUX,1994,68.4677963
Luxembourg,LUX,1995,70.1038437
Luxembourg,LUX,1996,70.2845154
Luxembourg,LUX,1997,72.8075104
Luxembourg,LUX,1998,74.27900700000001
Luxembourg,LUX,1999,76.8375168
Luxembourg,LUX,2000,76.646347
Luxembourg,LUX,2001,78.8654938
Luxembourg,LUX,2002,83.688385
Luxembourg,LUX,2003,81.7989349
Luxembourg,LUX,2004,84.0106506
Luxembourg,LUX,2005,86.8428955
Luxembourg,LUX,2006,85.8361359
Luxembourg,LUX,2007,86.9582977
Luxembourg,LUX,2008,86.6967697
Luxembourg,LUX,2009,86.3826904
Luxembourg,LUX,2010,84.7565079
Luxembourg,LUX,2011,83.7674789
Luxembourg,LUX,2012,84.9169998
Luxembourg,LUX,2013,84.3605499
Luxembourg,LUX,2014,85.1487579
Luxembourg,LUX,2015,79.5255432
Luxembourg,LUX,2016,86.1654434
Luxembourg,LUX,2017,86.3343201
Luxembourg,LUX,2018,90.6680908
Luxembourg,LUX,2019,91.2581329
Luxembourg,LUX,2020,100.847153
Luxembourg,LUX,2021,100.596054
Luxembourg,LUX,2022,103.267418
Luxembourg,LUX,2023,106.095955
Madagascar,MDG,1980,3.57645655
Madagascar,MDG,1993,2.26426625
Madagascar,MDG,1997,2.16609883
Madagascar,MDG,1999,2.20981145
Madagascar,MDG,2001,4.11078691
Madagascar,MDG,2005,3.83588743
Madagascar,MDG,2010,3.33742452
Madagascar,MDG,2012,3.13465261
Madagascar,MDG,2021,2.91194582
Malaysia,MYS,1984,15.0948868
Malaysia,MYS,1987,14.5138578
Malaysia,MYS,1989,14.2772083
Malaysia,MYS,1992,15.8462095
Malaysia,MYS,1995,16.4867649
Malaysia,MYS,1997,20.5493355
Malaysia,MYS,2003,18.9629288
Malaysia,MYS,2006,20.6857243
Malaysia,MYS,2008,21.5942726
Malaysia,MYS,2011,26.2469807
Malaysia,MYS,2013,30.1840248
Malaysia,MYS,2015,33.5524101
Malaysia,MYS,2018,37.4921188
Malaysia,MYS,2021,39.6962624
Mali,MLI,1994,1.56318426
Mali,MLI,2001,2.84270501
Mali,MLI,2006,3.1966145
Mali,MLI,2009,3.02720261
Mali,MLI,2018,5.39854097
Mali,MLI,2021,4.77777433
Malta,MLT,2006,37.4097443
Malta,MLT,2007,40.7751274
Malta,MLT,2008,41.8335762
Malta,MLT,2009,41.0310745
Malta,MLT,2010,41.5475349
Malta,MLT,2011,42.3911781
Malta,MLT,2012,43.9105415
Malta,MLT,2013,46.2704887
Malta,MLT,2014,48.9979095
Malta,MLT,2015,49.2349548
Malta,MLT,2016,52.3518143
Malta,MLT,2017,52.7132607
Malta,MLT,2018,54.03302
Malta,MLT,2019,58.8608513
Malta,MLT,2020,61.4933548
Malta,MLT,2021,64.5308151
Malta,MLT,2022,65.4473495
Malta,MLT,2023,65.0806808
Mexico,MEX,1984,10.605938
Mexico,MEX,1989,10.9552879
Mexico,MEX,1992,12.8721094
Mexico,MEX,1994,13.3467674
Mexico,MEX,1996,9.72536659
Mexico,MEX,1998,10.5762091
Mexico,MEX,2000,12.5917301
Mexico,MEX,2002,12.6219845
Mexico,MEX,2004,13.325511
Mexico,MEX,2005,13.7075834
Mexico,MEX,2006,14.3051329
Mexico,MEX,2008,14.6531563
Mexico,MEX,2010,13.7150965
Mexico,MEX,2012,14.9382391
Mexico,MEX,2014,14.0545492
Mexico,MEX,2016,15.8669167
Mexico,MEX,2018,16.1912098
Mexico,MEX,2020,15.4173098
Mexico,MEX,2022,17.8185844
Mexico,MEX,2024,20.0217457
Moldova,MDA,1997,6.55604696
Moldova,MDA,1998,5.38674355
Moldova,MDA,1999,4.71696949
Moldova,MDA,2000,4.3678298
Moldova,MDA,2001,5.19746971
Moldova,MDA,2002,6.4050231
Moldova,MDA,2003,7.64567852
Moldova,MDA,2004,7.51155138
Moldova,MDA,2005,6.79263544
Moldova,MDA,2006,11.5507679
Moldova,MDA,2007,13.0594196
Moldova,MDA,2008,12.7355232
Moldova,MDA,2009,12.7135878
Moldova,MDA,2010,12.9860716
Moldova,MDA,2011,13.321147
Moldova,MDA,2012,13.0112848
Moldova,MDA,2013,13.9195061
Moldova,MDA,2014,13.5694761
Moldova,MDA,2015,14.0124054
Moldova,MDA,2016,13.6027012
Moldova,MDA,2017,13.6551113
Moldova,MDA,2018,14.1451454
Moldova,MDA,2019,14.3900623
Moldova,MDA,2020,13.7885771
Moldova,MDA,2021,14.3826046
Moldova,MDA,2022,13.3521204
Moldova,MDA,2023,13.5287523
Mongolia,MNG,1995,5.84219027
Mongolia,MNG,1998,3.91217089
Mongolia,MNG,2002,6.12603521
Mongolia,MNG,2007,10.0347118
Mongolia,MNG,2010,9.88141537
Mongolia,MNG,2011,10.8768692
Mongolia,MNG,2012,12.5109262
Mongolia,MNG,2014,13.0464697
Mongolia,MNG,2016,10.7973757
Mongolia,MNG,2018,11.4798698
Mongolia,MNG,2022,14.3304796
Montenegro,MNE,2012,17.0011177
Montenegro,MNE,2013,16.8633957
Montenegro,MNE,2014,17.4731121
Montenegro,MNE,2015,17.7007408
Montenegro,MNE,2016,19.3402309
Montenegro,MNE,2017,19.0672703
Montenegro,MNE,2018,18.539402
Montenegro,MNE,2019,19.3776646
Montenegro,MNE,2020,19.080265
Montenegro,MNE,2021,20.6369686
Mozambique,MOZ,1996,1.74122465
Mozambique,MOZ,2002,1.93823862
Mozambique,MOZ,2008,2.32632136
Mozambique,MOZ,2014,3.142483
Mozambique,MOZ,2019,2.36544967
Mozambique,MOZ,2022,2.38077688
Nepal,NPL,1984,2.19334698
Nepal,NPL,1995,2.81015706
Nepal,NPL,2003,4.0811944
Nepal,NPL,2010,5.60090971
Nepal,NPL,2022,9.46692467
Netherlands,NLD,1983,40.6140709
Netherlands,NLD,1987,44.1685562
Netherlands,NLD,1990,54.27705
Netherlands,NLD,1993,50.0596237
Netherlands,NLD,1999,59.0724182
Netherlands,NLD,2004,59.5219269
Netherlands,NLD,2005,60.1570091
Netherlands,NLD,2006,63.8984299
Netherlands,NLD,2007,66.9525833
Netherlands,NLD,2008,66.8685455
Netherlands,NLD,2009,65.8998795
Netherlands,NLD,2010,65.0932159
Netherlands,NLD,2011,64.3429184
Netherlands,NLD,2012,63.4503746
Netherlands,NLD,2013,62.1664352
Netherlands,NLD,2014,63.1764717
Netherlands,NLD,2015,66.9479599
Netherlands,NLD,2016,69.1680756
Netherlands,NLD,2017,69.7174072
Netherlands,NLD,2018,69.8660049
Netherlands,NLD,2019,72.5429764
Netherlands,NLD,2020,74.2317581
Netherlands,NLD,2021,75.4958954
Niger,NER,1992,1.91500652
Niger,NER,1994,1.67274868
Niger,NER,2005,2.14119768
Niger,NER,2007,2.23919392
Niger,NER,2011,2.89569092
Niger,NER,2014,3.1883142
Niger,NER,2018,3.56003523
Niger,NER,2021,3.35835981
Nigeria,NGA,1985,3.81023598
Nigeria,NGA,1992,3.75854492
Nigeria,NGA,1996,3.83607078
Nigeria,NGA,2003,3.83093119
Nigeria,NGA,2010,4.59643269
Nigeria,NGA,2012,4.66314697
Nigeria,NGA,2015,4.82958078
Nigeria,NGA,2018,4.80184317
Nigeria,NGA,2022,4.15661573
Norway,NOR,1979,33.5054817
Norway,NOR,1986,44.6882439
Norway,NOR,1991,47.4101219
Norway,NOR,1995,48.1067352
Norway,NOR,2000,58.6225281
Norway,NOR,2003,62.3883667
Norway,NOR,2004,65.9241943
Norway,NOR,2005,67.5451279
Norway,NOR,2006,64.8908157
Norway,NOR,2007,71.7212753
Norway,NOR,2008,74.2937469
Norway,NOR,2009,74.3708038
Norway,NOR,2010,74.5958023
Norway,NOR,2011,78.2682343
Norway,NOR,2012,80.0718842
Norway,NOR,2013,84.0302887
Norway,NOR,2014,85.3662338
Norway,NOR,2015,86.390419
Norway,NOR,2016,85.9548721
Norway,NOR,2017,84.2829971
Norway,NOR,2018,84.9459457
Norway,NOR,2019,87.2340088
Norway,NOR,2020,84.3928528
Norway,NOR,2021,87.0847549
Norway,NOR,2022,84.814949
Norway,NOR,2023,86.7411499
Pakistan,PAK,1987,2.33181643
Pakistan,PAK,1990,2.36949039
Pakistan,PAK,1996,3.81738186
Pakistan,PAK,1998,3.79763818
Pakistan,PAK,2001,3.37364006
Pakistan,PAK,2004,4.11453009
Pakistan,PAK,2005,4.14534616
Pakistan,PAK,2007,4.34268045
Pakistan,PAK,2010,4.68614817
Pakistan,PAK,2011,4.79685974
Pakistan,PAK,2013,5.10438776
Pakistan,PAK,2015,5.58370256
Pakistan,PAK,2018,5.4313941
Pakistan,PAK,2024,5.43263674
Palestine,PSE,2004,13.4850864
Palestine,PSE,2005,14.0562496
Palestine,PSE,2006,14.0883522
Palestine,PSE,2007,12.9648962
Palestine,PSE,2009,14.8638134
Palestine,PSE,2010,14.9985104
Palestine,PSE,2011,14.968955
Palestine,PSE,2016,14.4995251
Palestine,PSE,2023,15.0179501
Panama,PAN,1979,12.215436
Panama,PAN,1989,10.7809973
Panama,PAN,1991,11.5094538
Panama,PAN,1995,14.6944761
Panama,PAN,1997,15.2222977
Panama,PAN,1998,14.5796871
Panama,PAN,1999,15.316431
Panama,PAN,2000,16.2662449
Panama,PAN,2001,14.3135452
Panama,PAN,2002,15.636323
Panama,PAN,2003,15.9062281
Panama,PAN,2004,16.1903229
Panama,PAN,2005,15.9797564
Panama,PAN,2006,16.1867371
Panama,PAN,2007,16.9166107
Panama,PAN,2008,20.3841095
Panama,PAN,2009,20.4396496
Panama,PAN,2010,20.9299469
Panama,PAN,2011,23.1670685
Panama,PAN,2012,23.4476585
Panama,PAN,2013,24.2897644
Panama,PAN,2014,24.4020348
Panama,PAN,2015,26.6550522
Panama,PAN,2016,28.0121403
Panama,PAN,2017,27.8570538
Panama,PAN,2018,29.3673859
Panama,PAN,2019,30.3728409
Panama,PAN,2021,27.9892235
Panama,PAN,2023,27.3228397
Panama,PAN,2024,28.7001438
Paraguay,PRY,1990,16.6382504
Paraguay,PRY,1995,15.6660624
Paraguay,PRY,1997,16.8201313
Paraguay,PRY,1999,15.2927046
Paraguay,PRY,2001,15.5968246
Paraguay,PRY,2002,12.6458044
Paraguay,PRY,2003,14.3237782
Paraguay,PRY,2004,14.013999
Paraguay,PRY,2005,14.7225742
Paraguay,PRY,2006,13.7416382
Paraguay,PRY,2007,14.7199421
Paraguay,PRY,2008,15.307229
Paraguay,PRY,2009,14.8809824
Paraguay,PRY,2010,16.2009563
Paraguay,PRY,2011,17.8458157
Paraguay,PRY,2012,17.7223854
Paraguay,PRY,2013,19.8019733
Paraguay,PRY,2014,21.1273098
Paraguay,PRY,2015,19.9712811
Paraguay,PRY,2016,19.3666573
Paraguay,PRY,2017,20.3950291
Paraguay,PRY,2018,20.2078934
Paraguay,PRY,2019,20.4453411
Paraguay,PRY,2020,18.0751991
Paraguay,PRY,2021,18.1955376
Paraguay,PRY,2022,19.3334808
Paraguay,PRY,2023,20.3424225
Paraguay,PRY,2024,21.2746773
Peru,PER,1997,9.32482338
Peru,PER,1998,9.78758717
Peru,PER,1999,9.55537033
Peru,PER,2000,8.41906643
Peru,PER,2001,8.50216198
Peru,PER,2002,9.81641293
Peru,PER,2003,10.1814365
Peru,PER,2004,9.27099323
Peru,PER,2005,8.86952305
Peru,PER,2006,9.98225784
Peru,PER,2007,11.2185211
Peru,PER,2008,11.6385641
Peru,PER,2009,12.1440363
Peru,PER,2010,12.7078524
Peru,PER,2011,13.1342897
Peru,PER,2012,13.8597698
Peru,PER,2013,13.997489
Peru,PER,2014,14.0672007
Peru,PER,2015,14.20189
Peru,PER,2016,14.6880264
Peru,PER,2017,14.4759493
Peru,PER,2018,14.8567781
Peru,PER,2019,15.055934
Peru,PER,2020,11.8685169
Peru,PER,2021,13.2172251
Peru,PER,2022,13.5500784
Peru,PER,2023,13.523572
Peru,PER,2024,13.862174
Philippines,PHL,1985,4.68450451
Philippines,PHL,1988,4.91498232
Philippines,PHL,1991,5.26711845
Philippines,PHL,1994,5.34023142
Philippines,PHL,1997,6.69627857
Philippines,PHL,2000,6.34330463
Philippines,PHL,2003,6.45926476
Philippines,PHL,2006,6.57304096
Philippines,PHL,2009,6.89722013
Philippines,PHL,2012,6.79325771
Philippines,PHL,2015,7.25112104
Philippines,PHL,2018,7.56124258
Philippines,PHL,2021,7.0322566
Philippines,PHL,2023,7.2552371
Poland,POL,1985,16.1486797
Poland,POL,1986,16.5067196
Poland,POL,1987,16.4955654
Poland,POL,1989,23.6963406
Poland,POL,1992,18.1931877
Poland,POL,1995,14.9729185
Poland,POL,1999,17.9298267
Poland,POL,2004,19.4054089
Poland,POL,2005,20.5498772
Poland,POL,2006,21.9737148
Poland,POL,2007,24.6925373
Poland,POL,2008,26.6252327
Poland,POL,2009,27.0771904
Poland,POL,2010,27.6229553
Poland,POL,2011,27.8351269
Poland,POL,2012,27.6943321
Poland,POL,2013,28.3771839
Poland,POL,2014,29.1695595
Poland,POL,2015,30.6674385
Poland,POL,2016,32.8240166
Poland,POL,2017,33.7276077
Poland,POL,2018,36.2554245
Poland,POL,2019,39.7015724
Poland,POL,2020,40.6912689
Poland,POL,2021,43.0127296
Poland,POL,2022,43.4728966
Poland,POL,2023,44.0546227
Portugal,PRT,2003,33.0277252
Portugal,PRT,2004,34.1200943
Portugal,PRT,2005,34.0198021
Portugal,PRT,2006,34.6239319
Portugal,PRT,2007,34.8783302
Portugal,PRT,2008,34.5694733
Portugal,PRT,2009,35.3385239
Portugal,PRT,2010,34.7307358
Portugal,PRT,2011,33.2571602
Portugal,PRT,2012,31.3133221
Portugal,PRT,2013,31.2396431
Portugal,PRT,2014,31.7973518
Portugal,PRT,2015,33.4721718
Portugal,PRT,2016,34.3244095
Portugal,PRT,2017,34.5662308
Portugal,PRT,2018,36.4810066
Portugal,PRT,2019,38.9934006
Portugal,PRT,2020,40.4537277
Portugal,PRT,2021,40.4172745
Portugal,PRT,2022,40.854496
Portugal,PRT,2023,41.0671997
Romania,ROU,1989,19.0129719
Romania,ROU,1992,12.5871639
Romania,ROU,1994,5.38552237
Romania,ROU,1995,10.328393
Romania,ROU,1997,9.46620464
Romania,ROU,2006,10.9257526
Romania,ROU,2007,11.9010448
Romania,ROU,2008,13.399457
Romania,ROU,2009,13.6858625
Romania,ROU,2010,13.0843639
Romania,ROU,2011,12.2655668
Romania,ROU,2012,12.3472881
Romania,ROU,2013,12.4323959
Romania,ROU,2014,12.8983364
Romania,ROU,2015,13.9155788
Romania,ROU,2016,15.8488569
Romania,ROU,2017,19.8565521
Romania,ROU,2018,22.3541241
Romania,ROU,2019,24.2072639
Romania,ROU,2020,27.1389351
Romania,ROU,2021,29.8044395
Romania,ROU,2022,30.3416042
Romania,ROU,2023,32.6554565
Russia,RUS,1993,15.8023939
Russia,RUS,1996,15.9082031
Russia,RUS,1997,14.5288954
Russia,RUS,1998,13.0693245
Russia,RUS,1999,10.4113998
Russia,RUS,2000,11.409687
Russia,RUS,2001,12.8427048
Russia,RUS,2002,14.2309198
Russia,RUS,2003,15.67486
Russia,RUS,2004,16.9028797
Russia,RUS,2005,18.5905952
Russia,RUS,2006,20.2433491
Russia,RUS,2007,23.4749069
Russia,RUS,2008,25.9752331
Russia,RUS,2009,24.7814407
Russia,RUS,2010,26.65592
Russia,RUS,2011,27.697958
Russia,RUS,2012,29.1438217
Russia,RUS,2013,29.768959
Russia,RUS,2014,29.2300835
Russia,RUS,2015,26.9062366
Russia,RUS,2016,26.144949
Russia,RUS,2017,26.1989899
Russia,RUS,2018,26.5428162
Russia,RUS,2019,27.6336384
Russia,RUS,2020,26.2665443
Rwanda,RWA,2000,2.39913154
Rwanda,RWA,2005,3.10852075
Rwanda,RWA,2010,3.30450845
Rwanda,RWA,2013,3.52225018
Rwanda,RWA,2016,3.50496197
Rwanda,RWA,2023,4.89517164
Senegal,SEN,1991,2.55344939
Senegal,SEN,1994,2.7630949
Senegal,SEN,2001,3.30962586
Senegal,SEN,2005,3.73989391
Senegal,SEN,2011,3.79467964
Senegal,SEN,2018,6.7465024
Senegal,SEN,2021,6.51276922
Serbia,SRB,2012,15.5192013
Serbia,SRB,2013,14.2203379
Serbia,SRB,2014,14.326108
Serbia,SRB,2015,14.7048521
Serbia,SRB,2016,15.0265532
Serbia,SRB,2017,15.1162443
Serbia,SRB,2018,17.2069454
Serbia,SRB,2019,19.4924316
Serbia,SRB,2020,21.0005226
Serbia,SRB,2021,21.9037361
Serbia,SRB,2022,21.9736938
Serbia,SRB,2023,24.1025925
Slovakia,SVK,1992,17.2484322
Slovakia,SVK,1996,17.6535072
Slovakia,SVK,2004,18.3624401
Slovakia,SVK,2005,21.0499229
Slovakia,SVK,2006,22.7047482
Slovakia,SVK,2007,23.542469
Slovakia,SVK,2008,24.4867516
Slovakia,SVK,2009,26.0417442
Slovakia,SVK,2010,26.6282368
Slovakia,SVK,2011,27.6353645
Slovakia,SVK,2012,25.3587284
Slovakia,SVK,2013,26.0210476
Slovakia,SVK,2014,25.3719406
Slovakia,SVK,2015,25.9025002
Slovakia,SVK,2016,26.2022896
Slovakia,SVK,2017,27.0240936
Slovakia,SVK,2018,28.5510616
Slovakia,SVK,2019,29.2794552
Slovakia,SVK,2020,28.0984783
Slovakia,SVK,2021,27.9311447
Slovakia,SVK,2022,25.3040085
Slovakia,SVK,2023,25.4475555
Slovenia,SVN,1987,43.3714905
Slovenia,SVN,1993,26.2413559
Slovenia,SVN,1997,29.8731861
Slovenia,SVN,1999,30.0341511
Slovenia,SVN,2004,37.385498
Slovenia,SVN,2005,38.7035103
Slovenia,SVN,2006,40.0711136
Slovenia,SVN,2007,42.1613312
Slovenia,SVN,2008,43.4164467
Slovenia,SVN,2009,43.7011147
Slovenia,SVN,2010,43.7621651
Slovenia,SVN,2011,43.3884697
Slovenia,SVN,2012,41.597599
Slovenia,SVN,2013,41.3747711
Slovenia,SVN,2014,42.3928642
Slovenia,SVN,2015,42.5522156
Slovenia,SVN,2016,43.8336983
Slovenia,SVN,2017,44.8609352
Slovenia,SVN,2018,47.6855011
Slovenia,SVN,2019,48.7084999
Slovenia,SVN,2020,51.1134682
Slovenia,SVN,2021,53.8064041
Slovenia,SVN,2022,53.8373528
Slovenia,SVN,2023,54.7097435
South Africa,ZAF,1993,7.67370749
South Africa,ZAF,2000,6.55503798
South Africa,ZAF,2005,10.1417217
South Africa,ZAF,2008,10.46525
South Africa,ZAF,2010,12.3059111
South Africa,ZAF,2014,11.5725193
South Africa,ZAF,2022,12.2729301
South Korea,KOR,2006,38.7354469
South Korea,KOR,2008,40.0302048
South Korea,KOR,2010,40.5841637
South Korea,KOR,2012,42.8428421
South Korea,KOR,2014,44.9301071
South Korea,KOR,2016,53.6617165
South Korea,KOR,2017,55.4640503
South Korea,KOR,2018,56.9643097
South Korea,KOR,2019,59.1027527
South Korea,KOR,2020,61.3264008
South Korea,KOR,2021,64.3900681
Spain,ESP,1980,23.5178928
Spain,ESP,1985,23.1138287
Spain,ESP,1990,29.8587952
Spain,ESP,1993,33.4340363
Spain,ESP,1994,33.0581055
Spain,ESP,1995,33.0899582
Spain,ESP,1996,33.2627792
Spain,ESP,1997,34.7001762
Spain,ESP,1998,37.1942558
Spain,ESP,1999,39.6091499
Spain,ESP,2000,41.6691895
Spain,ESP,2003,43.0312157
Spain,ESP,2004,43.5922241
Spain,ESP,2005,44.7120056
Spain,ESP,2006,45.1243134
Spain,ESP,2007,53.7942886
Spain,ESP,2008,54.7007256
Spain,ESP,2009,54.6357269
Spain,ESP,2010,51.6658096
Spain,ESP,2011,49.7334595
Spain,ESP,2012,47.3822708
Spain,ESP,2013,46.0862083
Spain,ESP,2014,46.3219566
Spain,ESP,2015,47.6551704
Spain,ESP,2016,49.3958015
Spain,ESP,2017,49.9306183
Spain,ESP,2018,50.2109795
Spain,ESP,2019,52.4672623
Spain,ESP,2020,52.6163635
Spain,ESP,2021,54.0578423
Spain,ESP,2022,54.0464897
Spain,ESP,2023,54.8494644
Suriname,SUR,2022,18.6953659
Sweden,SWE,1975,30.8216305
Sweden,SWE,1981,32.274601
Sweden,SWE,1987,34.6806984
Sweden,SWE,1992,41.080513
Sweden,SWE,1995,38.7626801
Sweden,SWE,2000,45.1083183
Sweden,SWE,2001,46.6095085
Sweden,SWE,2002,47.7261696
Sweden,SWE,2003,43.895771
Sweden,SWE,2004,45.064106
Sweden,SWE,2005,45.5122261
Sweden,SWE,2006,48.2200813
Sweden,SWE,2007,51.110611
Sweden,SWE,2008,52.8000755
Sweden,SWE,2009,53.1318245
Sweden,SWE,2010,53.956459
Sweden,SWE,2011,54.5176735
Sweden,SWE,2012,55.7958031
Sweden,SWE,2013,57.2539215
Sweden,SWE,2014,58.6100655
Sweden,SWE,2015,60.6362648
Sweden,SWE,2016,61.5874634
Sweden,SWE,2017,61.5469246
Sweden,SWE,2018,62.2319984
Sweden,SWE,2019,63.4569511
Sweden,SWE,2020,64.6738663
Sweden,SWE,2021,64.7073822
Sweden,SWE,2022,64.9539413
Sweden,SWE,2023,62.8338852
Switzerland,CHE,1982,80.7699966
Switzerland,CHE,1992,76.6258926
Switzerland,CHE,2000,75.7629089
Switzerland,CHE,2002,78.2844162
Switzerland,CHE,2004,75.6437988
Switzerland,CHE,2006,79.2866135
Switzerland,CHE,2007,81.360939
Switzerland,CHE,2008,81.9334641
Switzerland,CHE,2009,81.5873871
Switzerland,CHE,2010,81.8950882
Switzerland,CHE,2011,83.0582886
Switzerland,CHE,2012,85.1118088
Switzerland,CHE,2013,84.7142868
Switzerland,CHE,2014,85.7361145
Switzerland,CHE,2015,85.3419647
Switzerland,CHE,2016,86.8843918
Switzerland,CHE,2017,86.6057129
Switzerland,CHE,2018,85.0621185
Switzerland,CHE,2019,87.4546738
Switzerland,CHE,2020,88.4122696
Switzerland,CHE,2021,89.507576
Switzerland,CHE,2022,87.389679
Syria,SYR,1996,11.9461346
Syria,SYR,2003,15.0382957
Syria,SYR,2006,15.6396666
Syria,SYR,2009,15.5183048
Syria,SYR,2022,5.15911484
Taiwan,TWN,1981,18.1716976
Taiwan,TWN,1986,24.2052956
Taiwan,TWN,1991,40.3780365
Taiwan,TWN,1995,47.0050507
Taiwan,TWN,1997,49.6662025
Taiwan,TWN,2000,52.6357613
Taiwan,TWN,2005,52.4701118
Taiwan,TWN,2007,49.7959251
Taiwan,TWN,2010,46.3279572
Taiwan,TWN,2013,47.0635338
Taiwan,TWN,2016,50.2440796
Taiwan,TWN,2017,51.6417313
Taiwan,TWN,2018,51.904808
Taiwan,TWN,2019,53.1264267
Taiwan,TWN,2020,55.9133644
Taiwan,TWN,2021,55.6078072
Tajikistan,TJK,1999,2.27417684
Tajikistan,TJK,2003,3.35567522
Tajikistan,TJK,2004,4.44451952
Tajikistan,TJK,2007,5.04563379
Tajikistan,TJK,2009,5.9443984
Tajikistan,TJK,2015,6.96083498
Tajikistan,TJK,2021,7.81808853
Tajikistan,TJK,2022,9.53449535
Tajikistan,TJK,2023,9.77393246
Tajikistan,TJK,2024,9.54427624
Thailand,THA,1981,6.55766439
Thailand,THA,1988,6.85435915
Thailand,THA,1990,7.66471338
Thailand,THA,1992,9.22610664
Thailand,THA,1994,9.70015335
Thailand,THA,1996,10.5328512
Thailand,THA,1998,10.5306797
Thailand,THA,1999,10.0643864
Thailand,THA,2000,9.92854309
Thailand,THA,2002,11.2242289
Thailand,THA,2004,12.6674805
Thailand,THA,2006,14.1989307
Thailand,THA,2007,14.1474504
Thailand,THA,2008,14.9512167
Thailand,THA,2009,15.4635401
Thailand,THA,2010,15.9565792
Thailand,THA,2011,16.1960201
Thailand,THA,2012,17.4599419
Thailand,THA,2013,17.7373142
Thailand,THA,2014,17.7065964
Thailand,THA,2015,18.5337105
Thailand,THA,2016,18.4658222
Thailand,THA,2017,18.7744446
Thailand,THA,2018,18.5345058
Thailand,THA,2019,18.5939674
Thailand,THA,2020,18.9940891
Thailand,THA,2021,19.192564
Thailand,THA,2022,21.0879478
Thailand,THA,2023,20.3768826
Thailand,THA,2024,19.5388966
Togo,TGO,2006,3.05534768
Togo,TGO,2011,3.20309687
Togo,TGO,2015,3.28387403
Togo,TGO,2018,5.47161293
Togo,TGO,2021,5.03150082
Tonga,TON,2000,12.5343971
Tonga,TON,2009,11.705759
Tonga,TON,2015,9.33490562
Tonga,TON,2021,12.5991888
Tunisia,TUN,1985,7.59806395
Tunisia,TUN,1990,8.17267132
Tunisia,TUN,1995,8.32686043
Tunisia,TUN,2000,9.85146904
Tunisia,TUN,2005,10.8504381
Tunisia,TUN,2010,13.9688578
Tunisia,TUN,2015,14.9757586
Tunisia,TUN,2021,15.8909969
Turkey,TUR,1987,10.1022606
Turkey,TUR,1994,10.3287115
Turkey,TUR,2002,11.1801014
Turkey,TUR,2003,10.6282158
Turkey,TUR,2004,13.0612011
Turkey,TUR,2005,13.8848295
Turkey,TUR,2006,13.9532871
Turkey,TUR,2007,14.7124643
Turkey,TUR,2008,16.2764072
Turkey,TUR,2009,16.1057587
Turkey,TUR,2010,16.3784924
Turkey,TUR,2011,17.9168129
Turkey,TUR,2012,18.6084309
Turkey,TUR,2013,19.3649178
Turkey,TUR,2014,20.2248459
Turkey,TUR,2015,20.2620945
Turkey,TUR,2016,21.2482185
Turkey,TUR,2017,23.6838627
Turkey,TUR,2018,24.1350937
Turkey,TUR,2019,24.657732
Turkey,TUR,2020,24.7675743
Turkey,TUR,2021,27.1650734
Turkey,TUR,2022,28.9385757
Turkey,TUR,2023,39.4308739
Ukraine,UKR,1992,7.80122328
Ukraine,UKR,1993,7.84490681
Ukraine,UKR,1995,8.20823193
Ukraine,UKR,1996,6.86010599
Ukraine,UKR,2002,7.41285038
Ukraine,UKR,2003,8.29940605
Ukraine,UKR,2004,9.29127026
Ukraine,UKR,2005,11.0247126
Ukraine,UKR,2006,11.9345961
Ukraine,UKR,2007,11.3454132
Ukraine,UKR,2008,12.9902754
Ukraine,UKR,2009,12.0344076
Ukraine,UKR,2010,12.8369083
Ukraine,UKR,2011,13.3373871
Ukraine,UKR,2012,13.8920422
Ukraine,UKR,2013,14.6739607
Ukraine,UKR,2014,14.1193647
Ukraine,UKR,2015,12.7266283
Ukraine,UKR,2016,12.8973503
Ukraine,UKR,2017,14.1380882
Ukraine,UKR,2018,14.7799759
Ukraine,UKR,2019,16.2289276
Ukraine,UKR,2020,15.5704889
United Kingdom,GBR,1968,24.212801
United Kingdom,GBR,1969,24.4974518
United Kingdom,GBR,1970,25.0750999
United Kingdom,GBR,1971,24.9569626
United Kingdom,GBR,1972,25.9180317
United Kingdom,GBR,1973,28.218523
United Kingdom,GBR,1974,28.2243061
United Kingdom,GBR,1975,27.1282406
United Kingdom,GBR,1976,26.2141228
United Kingdom,GBR,1977,25.6341591
United Kingdom,GBR,1978,27.9059601
United Kingdom,GBR,1979,28.4308033
United Kingdom,GBR,1980,29.1926155
United Kingdom,GBR,1981,29.1332455
United Kingdom,GBR,1982,32.0224037
United Kingdom,GBR,1983,30.6670856
United Kingdom,GBR,1984,31.5614376
United Kingdom,GBR,1985,32.8123703
United Kingdom,GBR,1986,35.1716881
United Kingdom,GBR,1987,37.6163368
United Kingdom,GBR,1988,40.1679306
United Kingdom,GBR,1989,40.4860802
United Kingdom,GBR,1990,42.6371613
United Kingdom,GBR,1991,43.0334511
United Kingdom,GBR,1992,41.5701561
United Kingdom,GBR,1993,41.3747063
United Kingdom,GBR,1994,45.0731812
United Kingdom,GBR,1995,45.1670685
United Kingdom,GBR,1996,46.9415817
United Kingdom,GBR,1997,48.6309814
United Kingdom,GBR,1998,51.2642097
United Kingdom,GBR,1999,52.5009232
United Kingdom,GBR,2000,57.5452423
United Kingdom,GBR,2001,58.253479
United Kingdom,GBR,2002,56.5554085
United Kingdom,GBR,2003,57.6060524
United Kingdom,GBR,2004,59.6043167
United Kingdom,GBR,2005,60.7829056
United Kingdom,GBR,2006,61.8844681
United Kingdom,GBR,2007,61.7592812
United Kingdom,GBR,2008,62.8622055
United Kingdom,GBR,2009,62.3354263
United Kingdom,GBR,2010,60.721138
United Kingdom,GBR,2011,59.3649979
United Kingdom,GBR,2012,59.1671143
United Kingdom,GBR,2013,59.5114861
United Kingdom,GBR,2014,61.2861633
United Kingdom,GBR,2015,62.2073555
United Kingdom,GBR,2016,62.5623817
United Kingdom,GBR,2017,62.1904945
United Kingdom,GBR,2018,63.4508743
United Kingdom,GBR,2019,64.3163452
United Kingdom,GBR,2020,63.4530716
United Kingdom,GBR,2021,64.3204651
United States,USA,1963,40.3493271
United States,USA,1964,42.7353249
United States,USA,1965,44.8318062
United States,USA,1966,45.2207108
United States,USA,1967,47.151989
United States,USA,1968,49.137661
United States,USA,1969,50.441185
United States,USA,1970,50.7173538
United States,USA,1971,51.9413452
United States,USA,1972,55.4704323
United States,USA,1973,56.5688248
United States,USA,1974,54.478611
United States,USA,1975,54.9359779
United States,USA,1976,56.6542435
United States,USA,1977,57.4018555
United States,USA,1978,57.6492691
United States,USA,1979,58.654129
United States,USA,1980,55.8619843
United States,USA,1981,54.8603859
United States,USA,1982,55.714901
United States,USA,1983,57.5796738
United States,USA,1984,59.8801765
United States,USA,1985,61.0621796
United States,USA,1986,62.8311996
United States,USA,1987,64.7542267
United States,USA,1988,65.8149643
United States,USA,1989,66.8825684
United States,USA,1990,65.0779495
United States,USA,1991,64.3845444
United States,USA,1992,64.4016876
United States,USA,1993,65.7326736
United States,USA,1994,66.8866196
United States,USA,1995,67.9015427
United States,USA,1996,68.9858322
United States,USA,1997,70.9949188
United States,USA,1998,72.9478607
United States,USA,1999,74.6662979
United States,USA,2000,75.524025
United States,USA,2001,75.5043335
United States,USA,2002,75.6899719
United States,USA,2003,76.8388443
United States,USA,2004,75.9895325
United States,USA,2005,77.6197586
United States,USA,2006,78.9625931
United States,USA,2007,78.4412079
United States,USA,2008,76.339386
United States,USA,2009,77.372551
United States,USA,2010,75.4596329
United States,USA,2011,76.3889008
United States,USA,2012,76.687233
United States,USA,2013,76.2202454
United States,USA,2014,76.7054977
United States,USA,2015,79.6290054
United States,USA,2016,83.3226395
United States,USA,2017,84.3806076
United States,USA,2018,88.2711334
United States,USA,2019,94.1270065
United States,USA,2020,96.5303726
United States,USA,2021,96.9352493
United States,USA,2022,89.9495697
United States,USA,2023,92.9521255
United States,USA,2024,95.5953217
Uruguay,URY,2006,23.0301647
Uruguay,URY,2007,25.1200066
Uruguay,URY,2008,27.5808411
Uruguay,URY,2009,29.5892181
Uruguay,URY,2010,29.7067089
Uruguay,URY,2011,31.9600658
Uruguay,URY,2012,31.9350891
Uruguay,URY,2013,33.2278404
Uruguay,URY,2014,35.0708733
Uruguay,URY,2015,35.5786133
Uruguay,URY,2016,34.9188271
Uruguay,URY,2017,36.260891
Uruguay,URY,2018,35.6687813
Uruguay,URY,2019,35.0643539
Uruguay,URY,2020,32.42873
Uruguay,URY,2021,32.9214897
Uruguay,URY,2022,33.8524361
Uruguay,URY,2023,34.2749939
Uruguay,URY,2024,35.210659
Uzbekistan,UZB,2021,11.5296783
Uzbekistan,UZB,2022,12.017807
Uzbekistan,UZB,2023,14.9740343
Uzbekistan,UZB,2024,16.5782833
Uzbekistan,UZB,2025,19.4078026
Vietnam,VNM,1992,3.55201554
Vietnam,VNM,1997,4.61341906
Vietnam,VNM,2002,4.46311522
Vietnam,VNM,2004,5.26405716
Vietnam,VNM,2006,5.87774372
Vietnam,VNM,2008,6.34765577
Vietnam,VNM,2010,11.1931095
Vietnam,VNM,2012,11.5108471
Vietnam,VNM,2014,12.1852722
Vietnam,VNM,2016,14.0715809
Vietnam,VNM,2018,15.6543388
Vietnam,VNM,2020,17.5045586
Vietnam,VNM,2022,16.5866394
Zambia,ZMB,1991,3.52723527
Zambia,ZMB,1993,3.16555309
Zambia,ZMB,1996,4.09219694
Zambia,ZMB,1998,4.05233097
Zambia,ZMB,2002,3.08974671
Zambia,ZMB,2004,3.2914114
Zambia,ZMB,2006,3.03080177
Zambia,ZMB,2010,3.03052235
Zambia,ZMB,2015,3.36525512
Zambia,ZMB,2022,2.85814238
