Entity,Code,Year,Median
Albania,ALB,1996,7.41933012008667
Albania,ALB,2002,7.11715364456176
Albania,ALB,2005,8.30011081695556
Albania,ALB,2008,8.93903255462646
Albania,ALB,2012,8.76896667480468
Albania,ALB,2014,8.82748508453369
Albania,ALB,2015,10.6873445510864
Albania,ALB,2016,10.9340114593505
Albania,ALB,2017,10.8411607742309
Albania,ALB,2018,12.3866252899169
Albania,ALB,2019,12.3563480377197
Albania,ALB,2020,12.8386011123657
Algeria,DZA,1988,6.293221950531
Algeria,DZA,1995,6.51800823211669
Algeria,DZA,2011,9.11427593231201
Angola,AGO,2000,5.30038022994995
Angola,AGO,2008,5.33415794372558
Angola,AGO,2018,3.87951040267944
Armenia,ARM,1999,4.51300859451293
Armenia,ARM,2001,4.33529138565063
Armenia,ARM,2002,4.54686737060546
Armenia,ARM,2003,4.79028892517089
Armenia,ARM,2004,5.5517463684082
Armenia,ARM,2005,6.25057697296142
Armenia,ARM,2006,6.71003627777099
Armenia,ARM,2007,7.35342741012573
Armenia,ARM,2008,7.65439319610595
Armenia,ARM,2009,6.84703540802001
Armenia,ARM,2010,6.80652570724487
Armenia,ARM,2011,7.10548448562622
Armenia,ARM,2012,7.32522201538085
Armenia,ARM,2013,7.58323717117309
Armenia,ARM,2014,7.7391676902771
Armenia,ARM,2015,8.17016410827636
Armenia,ARM,2016,8.86373710632324
Armenia,ARM,2017,8.01129817962646
Armenia,ARM,2018,7.97196817398071
Armenia,ARM,2019,7.71723222732543
Armenia,ARM,2020,7.60853958129882
Armenia,ARM,2021,7.74930238723754
Armenia,ARM,2022,7.71916818618774
Armenia,ARM,2023,7.7260251045227
Armenia,ARM,2024,8.54555702209472
Australia,AUS,1981,35.0846138000488
Australia,AUS,1985,35.6317329406738
Australia,AUS,1989,36.5602684020996
Australia,AUS,1995,33.6457214355468
Australia,AUS,2001,38.2023735046386
Australia,AUS,2003,39.4569854736328
Australia,AUS,2004,43.2487411499023
Australia,AUS,2008,52.581199645996
Australia,AUS,2010,53.3897285461425
Australia,AUS,2014,56.7467536926269
Australia,AUS,2016,56.4189567565918
Australia,AUS,2018,57.607322692871
Australia,AUS,2020,59.7066001892089
Austria,AUT,1994,53.0198059082031
Austria,AUT,1995,53.0645637512207
Austria,AUT,1996,50.9010314941406
Austria,AUT,1997,51.4190216064453
Austria,AUT,1998,52.0222663879394
Austria,AUT,1999,54.7422943115234
Austria,AUT,2000,53.4000968933105
Austria,AUT,2003,56.889102935791
Austria,AUT,2004,59.6846046447753
Austria,AUT,2005,57.865966796875
Austria,AUT,2006,58.128074645996
Austria,AUT,2007,60.7510871887207
Austria,AUT,2008,62.8422660827636
Austria,AUT,2009,64.2022628784179
Austria,AUT,2010,65.3712844848632
Austria,AUT,2011,63.6200714111328
Austria,AUT,2012,62.6737442016601
Austria,AUT,2013,64.6502304077148
Austria,AUT,2014,64.7715682983398
Austria,AUT,2015,65.393684387207
Austria,AUT,2016,67.7835464477539
Austria,AUT,2017,67.8244705200195
Austria,AUT,2018,67.0902862548828
Austria,AUT,2019,68.555679321289
Austria,AUT,2020,70.2928771972656
Austria,AUT,2021,69.2878799438476
Austria,AUT,2022,72.6764450073242
Austria,AUT,2023,71.4395065307617
Azerbaijan,AZE,1995,5.00287628173828
Azerbaijan,AZE,2001,5.68861579895019
Azerbaijan,AZE,2002,8.06226348876953
Azerbaijan,AZE,2003,8.40511035919189
Azerbaijan,AZE,2004,8.45869445800781
Azerbaijan,AZE,2005,9.34951877593994
Bangladesh,BGD,1983,3.08853459358215
Bangladesh,BGD,1985,3.28221750259399
Bangladesh,BGD,1988,2.96319556236267
Bangladesh,BGD,1991,2.95570611953735
Bangladesh,BGD,1995,3.25328493118286
Bangladesh,BGD,2000,3.34251546859741
Bangladesh,BGD,2005,3.71802830696105
Bangladesh,BGD,2010,4.07488584518432
Bangladesh,BGD,2016,4.49589824676513
Bangladesh,BGD,2022,6.17493867874145
Belarus,BLR,1998,3.53064894676208
Belarus,BLR,1999,3.81230330467224
Belarus,BLR,2000,4.24523067474365
Belarus,BLR,2001,5.28605604171752
Belarus,BLR,2002,5.82030582427978
Belarus,BLR,2003,6.11356592178344
Belarus,BLR,2004,6.99819707870483
Belarus,BLR,2005,8.56560611724853
Belarus,BLR,2006,9.81990051269531
Belarus,BLR,2007,11.0769348144531
Belarus,BLR,2008,11.7497940063476
Belarus,BLR,2009,11.9013843536376
Belarus,BLR,2010,13.1476764678955
Belarus,BLR,2011,13.7834901809692
Belarus,BLR,2012,15.5552892684936
Belarus,BLR,2013,17.1327037811279
Belarus,BLR,2014,17.7469120025634
Belarus,BLR,2015,16.2433128356933
Belarus,BLR,2016,15.514868736267
Belarus,BLR,2017,15.9942226409912
Belarus,BLR,2018,17.1177997589111
Belarus,BLR,2019,18.2747001647949
Belarus,BLR,2020,18.3853340148925
Belgium,BEL,1985,35.9279708862304
Belgium,BEL,1988,37.7749786376953
Belgium,BEL,1992,41.0101814270019
Belgium,BEL,1995,47.5015640258789
Belgium,BEL,1997,47.0695533752441
Belgium,BEL,2000,51.3695793151855
Belgium,BEL,2003,50.6942176818847
Belgium,BEL,2004,52.3388938903808
Belgium,BEL,2005,53.1500205993652
Belgium,BEL,2006,53.2509117126464
Belgium,BEL,2007,53.782901763916
Belgium,BEL,2008,54.8270454406738
Belgium,BEL,2009,55.6280784606933
Belgium,BEL,2010,55.9148063659668
Belgium,BEL,2011,55.1358680725097
Belgium,BEL,2012,56.7433357238769
Belgium,BEL,2013,56.7791519165039
Belgium,BEL,2014,56.9095001220703
Belgium,BEL,2015,58.5614433288574
Belgium,BEL,2016,57.9566383361816
Belgium,BEL,2017,58.1185226440429
Belgium,BEL,2018,59.4409446716308
Belgium,BEL,2019,61.0438003540039
Belgium,BEL,2020,61.5211753845214
Belgium,BEL,2021,63.2095375061035
Belgium,BEL,2022,61.0368881225585
Belgium,BEL,2023,62.88720703125
Benin,BEN,2003,2.16499471664428
Benin,BEN,2011,2.08868098258972
Benin,BEN,2015,2.22931003570556
Benin,BEN,2018,3.65464425086975
Benin,BEN,2021,4.20006656646728
Bhutan,BTN,2003,4.85452651977539
Bhutan,BTN,2007,6.31700325012207
Bhutan,BTN,2012,8.46435356140136
Bhutan,BTN,2017,9.46780586242675
Bhutan,BTN,2022,16.4896068572998
Bolivia,BOL,1997,8.40878963470459
Bolivia,BOL,1999,7.73398685455322
Bolivia,BOL,2000,6.57548379898071
Bolivia,BOL,2001,7.41622018814086
Bolivia,BOL,2002,7.04876565933227
Bolivia,BOL,2004,8.42747688293457
Bolivia,BOL,2005,8.42750263214111
Bolivia,BOL,2006,9.3539113998413
Bolivia,BOL,2007,9.83908462524414
Bolivia,BOL,2008,11.3828878402709
Bolivia,BOL,2009,12.8659572601318
Bolivia,BOL,2011,14.537914276123
Bolivia,BOL,2012,15.029052734375
Bolivia,BOL,2013,16.1452198028564
Bolivia,BOL,2014,16.0251922607421
Bolivia,BOL,2015,15.8031167984008
Bolivia,BOL,2016,15.5992565155029
Bolivia,BOL,2017,15.8951139450073
Bolivia,BOL,2018,15.9648122787475
Bolivia,BOL,2019,16.6042194366455
Bolivia,BOL,2020,15.856798171997
Bolivia,BOL,2021,16.8518257141113
Bolivia,BOL,2022,16.4118900299072
Bolivia,BOL,2023,16.849889755249
Bolivia,BOL,2024,16.8191146850585
Bosnia and Herzegovina,BIH,2001,12.2689371109008
Bosnia and Herzegovina,BIH,2004,17.7178153991699
Bosnia and Herzegovina,BIH,2007,15.6082334518432
Bosnia and Herzegovina,BIH,2011,15.0942678451538
Bosnia and Herzegovina,BIH,2015,14.3793888092041
Bosnia and Herzegovina,BIH,2021,15.7931480407714
Botswana,BWA,1985,2.99045848846435
Botswana,BWA,1993,3.63566851615905
Botswana,BWA,2002,4.29797458648681
Botswana,BWA,2009,6.10413217544555
Botswana,BWA,2015,5.83431196212768
Brazil,BRA,1981,4.990562915802
Brazil,BRA,1982,5.02579689025878
Brazil,BRA,1983,4.12591838836669
Brazil,BRA,1984,4.15343141555786
Brazil,BRA,1985,4.72894239425659
Brazil,BRA,1986,7.92946767807006
Brazil,BRA,1987,6.05004739761352
Brazil,BRA,1988,5.67139911651611
Brazil,BRA,1989,6.10560750961303
Brazil,BRA,1990,5.26246166229248
Brazil,BRA,1992,5.29222297668457
Brazil,BRA,1993,5.43998670578002
Brazil,BRA,1995,7.22576475143432
Brazil,BRA,1996,7.3366150856018
Brazil,BRA,1997,7.25657510757446
Brazil,BRA,1998,7.52586698532104
Brazil,BRA,1999,7.23475837707519
Brazil,BRA,2001,8.2352294921875
Brazil,BRA,2002,8.34197235107421
Brazil,BRA,2003,8.11392879486084
Brazil,BRA,2004,8.36491012573242
Brazil,BRA,2005,8.84852695465087
Brazil,BRA,2006,9.63921642303466
Brazil,BRA,2007,10.3280000686645
Brazil,BRA,2008,11.0454730987548
Brazil,BRA,2009,11.5378513336181
Brazil,BRA,2011,12.7049541473388
Brazil,BRA,2012,13.4333810806274
Brazil,BRA,2013,14.1304693222045
Brazil,BRA,2014,14.6452465057373
Brazil,BRA,2015,14.2334461212158
Brazil,BRA,2016,13.829490661621
Brazil,BRA,2017,13.9031257629394
Brazil,BRA,2018,14.2266206741333
Brazil,BRA,2019,14.6619892120361
Brazil,BRA,2020,15.3647871017456
Brazil,BRA,2021,13.2002267837524
Brazil,BRA,2022,14.8328714370727
Brazil,BRA,2023,15.770785331726
Brazil,BRA,2024,16.9121055603027
Bulgaria,BGR,1992,20.136791229248
Bulgaria,BGR,2006,10.4442815780639
Bulgaria,BGR,2007,14.1384716033935
Bulgaria,BGR,2008,16.1093559265136
Bulgaria,BGR,2009,16.9918880462646
Bulgaria,BGR,2010,16.0191574096679
Bulgaria,BGR,2011,15.1486415863037
Bulgaria,BGR,2012,15.443790435791
Bulgaria,BGR,2013,17.239273071289
Bulgaria,BGR,2014,17.8915729522705
Bulgaria,BGR,2015,17.0000648498535
Bulgaria,BGR,2016,19.4526119232177
Bulgaria,BGR,2017,19.1801815032959
Bulgaria,BGR,2018,21.5598163604736
Bulgaria,BGR,2019,22.9308910369873
Bulgaria,BGR,2020,25.0854377746582
Bulgaria,BGR,2021,25.7229824066162
Bulgaria,BGR,2022,27.5930881500244
Bulgaria,BGR,2023,30.1827220916748
Burkina Faso,BFA,1994,1.03468739986419
Burkina Faso,BFA,1998,1.25783395767211
Burkina Faso,BFA,2003,2.04607939720153
Burkina Faso,BFA,2009,2.21969985961914
Burkina Faso,BFA,2014,2.64686918258667
Burkina Faso,BFA,2018,3.11776113510131
Burkina Faso,BFA,2021,3.37372851371765
Burundi,BDI,1992,1.63730812072753
Burundi,BDI,1998,1.40167617797851
Burundi,BDI,2006,1.71329355239868
Burundi,BDI,2013,1.901096701622
Burundi,BDI,2020,2.00741958618164
Cameroon,CMR,1996,2.69569110870361
Cameroon,CMR,2001,4.21639919281005
Cameroon,CMR,2007,3.89612460136413
Cameroon,CMR,2014,4.96067905426025
Cameroon,CMR,2021,4.98541450500488
Canada,CAN,1971,29.2185745239257
Canada,CAN,1973,33.7350807189941
Canada,CAN,1975,37.8171806335449
Canada,CAN,1977,40.3991737365722
Canada,CAN,1979,42.0492286682128
Canada,CAN,1981,43.7906417846679
Canada,CAN,1982,42.8984031677246
Canada,CAN,1984,42.9560737609863
Canada,CAN,1985,44.1183853149414
Canada,CAN,1986,44.4195404052734
Canada,CAN,1987,45.4355735778808
Canada,CAN,1988,46.3433151245117
Canada,CAN,1989,47.6863822937011
Canada,CAN,1990,47.6265983581543
Canada,CAN,1991,45.6916236877441
Canada,CAN,1992,46.298355102539
Canada,CAN,1993,44.9681205749511
Canada,CAN,1994,45.9652786254882
Canada,CAN,1995,45.9451828002929
Canada,CAN,1996,43.2731857299804
Canada,CAN,1997,43.7709579467773
Canada,CAN,1998,45.1311798095703
Canada,CAN,1999,46.7059898376464
Canada,CAN,2000,47.8973007202148
Canada,CAN,2001,49.3466415405273
Canada,CAN,2002,49.71923828125
Canada,CAN,2003,49.7650680541992
Canada,CAN,2004,50.9368743896484
Canada,CAN,2005,52.4268760681152
Canada,CAN,2006,52.8949699401855
Canada,CAN,2007,55.1700744628906
Canada,CAN,2008,56.4584922790527
Canada,CAN,2009,56.6804771423339
Canada,CAN,2010,56.8891334533691
Canada,CAN,2011,57.7559967041015
Canada,CAN,2012,58.6829719543457
Canada,CAN,2013,59.7728576660156
Canada,CAN,2014,60.0985298156738
Canada,CAN,2015,59.9798889160156
Canada,CAN,2016,60.1439094543457
Canada,CAN,2017,61.8666305541992
Canada,CAN,2018,62.1662483215332
Canada,CAN,2019,62.8805770874023
Canada,CAN,2020,67.0817565917968
Canada,CAN,2021,66.3290252685546
Canada,CAN,2022,64.7212753295898
Cape Verde,CPV,2001,3.92594408988952
Cape Verde,CPV,2007,4.89495086669921
Cape Verde,CPV,2015,6.17727899551391
Central African Republic,CAF,1992,0.847716510295867
Central African Republic,CAF,2008,2.05779457092285
Central African Republic,CAF,2021,1.92457199096679
Chad,TCD,2003,2.1755928993225
Chad,TCD,2011,3.34347462654113
Chad,TCD,2018,3.39327478408813
Chad,TCD,2022,3.6611099243164
Chile,CHL,1987,5.84825801849365
Chile,CHL,1990,6.80035638809204
Chile,CHL,1992,7.69090795516967
Chile,CHL,1994,8.35095882415771
Chile,CHL,1996,9.3541784286499
Chile,CHL,1998,9.92899703979492
Chile,CHL,2000,9.32199954986572
Chile,CHL,2003,9.49788475036621
Chile,CHL,2006,11.6191682815551
Chile,CHL,2009,12.5505352020263
Chile,CHL,2011,13.4434843063354
Chile,CHL,2013,16.4240322113037
Chile,CHL,2015,17.7959995269775
Chile,CHL,2017,19.5099124908447
Chile,CHL,2020,19.1102867126464
Chile,CHL,2022,22.6423892974853
Chile,CHL,2024,24.5706577301025
China,CHN,1981,1.13724148273468
China,CHN,1984,1.55229914188385
China,CHN,1987,1.88323581218719
China,CHN,1990,1.72582697868347
China,CHN,1993,1.88497364521026
China,CHN,1996,2.4672212600708
China,CHN,1999,2.568204164505
China,CHN,2002,3.11516213417053
China,CHN,2005,4.13980150222778
China,CHN,2008,5.02405929565429
China,CHN,2010,5.84128713607788
China,CHN,2011,6.39209699630737
China,CHN,2012,7.04678630828857
China,CHN,2013,8.05449962615966
China,CHN,2014,8.7998342514038
China,CHN,2015,9.48426723480224
China,CHN,2016,10.1059007644653
China,CHN,2017,10.5734634399414
China,CHN,2018,11.3343334197998
China,CHN,2019,11.9609184265136
China,CHN,2020,11.5918569564819
China,CHN,2021,13.3923263549804
China,CHN,2022,13.3631553649902
Colombia,COL,1992,6.71379375457763
Colombia,COL,1996,5.64847040176391
Colombia,COL,1999,5.20259761810302
Colombia,COL,2000,5.71521520614624
Colombia,COL,2001,4.90149307250976
Colombia,COL,2002,6.09494304656982
Colombia,COL,2003,6.17135906219482
Colombia,COL,2004,6.18617153167724
Colombia,COL,2005,6.7698426246643
Colombia,COL,2008,7.70356369018554
Colombia,COL,2009,7.84322834014892
Colombia,COL,2010,8.30893898010253
Colombia,COL,2011,8.8930025100708
Colombia,COL,2012,9.06436920166015
Colombia,COL,2013,9.50625419616699
Colombia,COL,2014,10.0257730484008
Colombia,COL,2015,10.1333427429199
Colombia,COL,2016,10.1182708740234
Colombia,COL,2017,10.2113027572631
Colombia,COL,2018,10.2393159866333
Colombia,COL,2019,10.1122283935546
Colombia,COL,2020,8.60494422912597
Colombia,COL,2021,9.49801254272461
Colombia,COL,2022,10.3469991683959
Colombia,COL,2023,10.6731882095336
Colombia,COL,2024,11.2783603668212
Comoros,COM,2004,5.05773019790649
Comoros,COM,2014,4.36834573745727
Comoros,COM,2020,5.85977220535278
Comoros,COM,2024,6.47852182388305
Congo,COG,2005,2.73321390151977
Congo,COG,2011,3.76484417915344
Costa Rica,CRI,1981,4.57002449035644
Costa Rica,CRI,1986,6.07555198669433
Costa Rica,CRI,1989,7.92718696594238
Costa Rica,CRI,1990,8.10496139526367
Costa Rica,CRI,1991,7.3328857421875
Costa Rica,CRI,1992,7.73777627944946
Costa Rica,CRI,1993,8.91122913360595
Costa Rica,CRI,1994,9.92291927337646
Costa Rica,CRI,1995,9.6435489654541
Costa Rica,CRI,1996,8.99386119842529
Costa Rica,CRI,1997,9.62919235229492
Costa Rica,CRI,1998,10.60338306427
Costa Rica,CRI,1999,10.0573377609252
Costa Rica,CRI,2000,10.0531873703002
Costa Rica,CRI,2001,12.3654356002807
Costa Rica,CRI,2002,12.3748874664306
Costa Rica,CRI,2003,12.9011039733886
Costa Rica,CRI,2004,12.2437181472778
Costa Rica,CRI,2005,12.8057928085327
Costa Rica,CRI,2006,12.8538980484008
Costa Rica,CRI,2007,14.1829347610473
Costa Rica,CRI,2008,14.4636192321777
Costa Rica,CRI,2009,15.3564376831054
Costa Rica,CRI,2010,16.27734375
Costa Rica,CRI,2011,16.7943935394287
Costa Rica,CRI,2012,17.3670768737792
Costa Rica,CRI,2013,17.2570400238037
Costa Rica,CRI,2014,17.3514614105224
Costa Rica,CRI,2015,17.2679061889648
Costa Rica,CRI,2016,17.9809513092041
Costa Rica,CRI,2017,18.1558189392089
Costa Rica,CRI,2018,18.1879158020019
Costa Rica,CRI,2019,17.7878360748291
Costa Rica,CRI,2020,15.213490486145
Costa Rica,CRI,2021,17.4510822296142
Costa Rica,CRI,2022,17.3806934356689
Costa Rica,CRI,2023,18.9176139831542
Costa Rica,CRI,2024,20.9240474700927
Costa Rica,CRI,2025,23.3897438049316
Cote d'Ivoire,CIV,1985,6.84576272964477
Cote d'Ivoire,CIV,1986,6.27162170410156
Cote d'Ivoire,CIV,1987,5.58531618118286
Cote d'Ivoire,CIV,1988,4.58327579498291
Cote d'Ivoire,CIV,1992,3.67547488212585
Cote d'Ivoire,CIV,1995,3.70170974731445
Cote d'Ivoire,CIV,1998,3.25864267349243
Cote d'Ivoire,CIV,2008,3.18414211273193
Cote d'Ivoire,CIV,2015,3.19423770904541
Cote d'Ivoire,CIV,2018,4.85116624832153
Cote d'Ivoire,CIV,2021,4.75888299942016
Croatia,HRV,1988,23.9361820220947
Croatia,HRV,2009,23.2051525115966
Croatia,HRV,2010,21.4173889160156
Croatia,HRV,2011,20.9082050323486
Croatia,HRV,2012,19.5658264160156
Croatia,HRV,2013,19.673770904541
Croatia,HRV,2014,20.7108745574951
Croatia,HRV,2015,22.1274127960205
Croatia,HRV,2016,23.8641853332519
Croatia,HRV,2017,25.2679615020751
Croatia,HRV,2018,26.7896785736084
Croatia,HRV,2019,28.7901954650878
Croatia,HRV,2020,29.756685256958
Croatia,HRV,2021,31.6926174163818
Croatia,HRV,2022,31.6199035644531
Croatia,HRV,2023,36.7349395751953
Cyprus,CYP,2004,42.2890243530273
Cyprus,CYP,2005,44.7869262695312
Cyprus,CYP,2006,48.6445960998535
Cyprus,CYP,2007,48.9124679565429
Cyprus,CYP,2008,48.21089553833
Cyprus,CYP,2009,47.1004638671875
Cyprus,CYP,2010,48.0763435363769
Cyprus,CYP,2011,46.9121437072753
Cyprus,CYP,2012,43.3920021057128
Cyprus,CYP,2013,39.8270263671875
Cyprus,CYP,2014,38.675048828125
Cyprus,CYP,2015,40.2986259460449
Cyprus,CYP,2016,41.9249725341796
Cyprus,CYP,2017,44.0107765197753
Cyprus,CYP,2018,45.9497489929199
Cyprus,CYP,2019,47.9717712402343
Cyprus,CYP,2020,48.3573608398437
Cyprus,CYP,2021,50.7097702026367
Cyprus,CYP,2022,49.2939491271972
Cyprus,CYP,2023,52.1396522521972
Czechia,CZE,1992,19.1640071868896
Czechia,CZE,1993,19.1970787048339
Czechia,CZE,1996,22.6515007019042
Czechia,CZE,2002,25.0909729003906
Czechia,CZE,2004,26.8090190887451
Czechia,CZE,2005,27.7306480407714
Czechia,CZE,2006,29.1538486480712
Czechia,CZE,2007,30.5872325897216
Czechia,CZE,2008,31.2255382537841
Czechia,CZE,2009,31.8874702453613
Czechia,CZE,2010,31.9012660980224
Czechia,CZE,2011,32.2083778381347
Czechia,CZE,2012,31.5926094055175
Czechia,CZE,2013,31.6173114776611
Czechia,CZE,2014,32.228401184082
Czechia,CZE,2015,33.6862640380859
Czechia,CZE,2016,34.6914100646972
Czechia,CZE,2017,35.8347396850585
Czechia,CZE,2018,37.3326950073242
Czechia,CZE,2019,39.1112365722656
Czechia,CZE,2020,39.8442649841308
Czechia,CZE,2021,41.5857429504394
Czechia,CZE,2022,39.4805450439453
Czechia,CZE,2023,39.0691299438476
Democratic Republic of Congo,COD,2004,0.796324670314788
Democratic Republic of Congo,COD,2012,1.63239574432373
Democratic Republic of Congo,COD,2020,1.31601297855377
Denmark,DNK,1987,48.9382362365722
Denmark,DNK,1992,49.0356407165527
Denmark,DNK,1995,50.7371406555175
Denmark,DNK,2000,53.8057327270507
Denmark,DNK,2003,52.0426139831543
Denmark,DNK,2004,53.3686027526855
Denmark,DNK,2005,53.5316696166992
Denmark,DNK,2006,54.5558967590332
Denmark,DNK,2007,55.4395751953125
Denmark,DNK,2008,55.75439453125
Denmark,DNK,2009,56.4610252380371
Denmark,DNK,2010,58.2690734863281
Denmark,DNK,2011,56.9046058654785
Denmark,DNK,2012,56.3449211120605
Denmark,DNK,2013,57.3162994384765
Denmark,DNK,2014,57.7639122009277
Denmark,DNK,2015,57.899429321289
Denmark,DNK,2016,59.5752067565918
Denmark,DNK,2017,60.4091339111328
Denmark,DNK,2018,61.7245788574218
Denmark,DNK,2019,61.2375679016113
Denmark,DNK,2020,63.8857078552246
Denmark,DNK,2021,64.6453323364257
Denmark,DNK,2022,61.0336685180664
Denmark,DNK,2023,60.7226982116699
Djibouti,DJI,2002,4.08307170867919
Djibouti,DJI,2012,4.79042482376098
Djibouti,DJI,2013,4.31634330749511
Djibouti,DJI,2017,4.70349216461181
Dominican Republic,DOM,1986,11.2880525588989
Dominican Republic,DOM,1989,6.09104061126709
Dominican Republic,DOM,1992,8.13658905029296
Dominican Republic,DOM,1996,9.92334461212158
Dominican Republic,DOM,1997,10.7100639343261
Dominican Republic,DOM,2000,10.5733652114868
Dominican Republic,DOM,2001,10.4555759429931
Dominican Republic,DOM,2002,10.3818321228027
Dominican Republic,DOM,2003,8.65920639038086
Dominican Republic,DOM,2004,7.34808206558227
Dominican Republic,DOM,2005,8.85039138793945
Dominican Republic,DOM,2006,9.65940570831298
Dominican Republic,DOM,2007,9.49637222290039
Dominican Republic,DOM,2008,9.22578907012939
Dominican Republic,DOM,2009,9.8286485671997
Dominican Republic,DOM,2010,10.0270051956176
Dominican Republic,DOM,2011,10.1781311035156
Dominican Republic,DOM,2012,10.0558519363403
Dominican Republic,DOM,2013,10.3170680999755
Dominican Republic,DOM,2014,11.4291543960571
Dominican Republic,DOM,2015,12.4642162322998
Dominican Republic,DOM,2016,13.3430318832397
Dominican Republic,DOM,2017,13.1445989608764
Dominican Republic,DOM,2018,14.0118141174316
Dominican Republic,DOM,2019,14.7376527786254
Dominican Republic,DOM,2020,13.4293689727783
Dominican Republic,DOM,2021,13.1942777633667
Dominican Republic,DOM,2022,14.1558980941772
Dominican Republic,DOM,2023,15.6731233596801
Dominican Republic,DOM,2024,17.4776706695556
East Timor,TLS,2001,2.75036573410034
East Timor,TLS,2007,2.65603327751159
East Timor,TLS,2014,3.21003222465515
Ecuador,ECU,1994,5.88830518722534
Ecuador,ECU,1999,5.321861743927
Ecuador,ECU,2000,4.28853750228881
Ecuador,ECU,2003,6.75233173370361
Ecuador,ECU,2004,6.61419820785522
Ecuador,ECU,2005,7.97555780410766
Ecuador,ECU,2006,8.8709716796875
Ecuador,ECU,2007,9.03007888793945
Ecuador,ECU,2008,9.45978736877441
Ecuador,ECU,2009,9.29994297027587
Ecuador,ECU,2010,10.2312726974487
Ecuador,ECU,2011,11.2736110687255
Ecuador,ECU,2012,12.1848335266113
Ecuador,ECU,2013,12.1016607284545
Ecuador,ECU,2014,12.7288446426391
Ecuador,ECU,2015,12.6072483062744
Ecuador,ECU,2016,12.6758966445922
Ecuador,ECU,2017,13.2066183090209
Ecuador,ECU,2018,12.9289035797119
Ecuador,ECU,2019,12.6202039718627
Ecuador,ECU,2020,10.8295764923095
Ecuador,ECU,2021,11.9376459121704
Ecuador,ECU,2022,12.5927829742431
Ecuador,ECU,2023,12.4105730056762
Ecuador,ECU,2024,12.0912065505981
Ecuador,ECU,2025,12.7009000778198
Egypt,EGY,1990,5.95671892166137
Egypt,EGY,1995,5.81922054290771
Egypt,EGY,1999,6.99259662628173
Egypt,EGY,2004,6.21921873092651
Egypt,EGY,2008,6.32756090164184
Egypt,EGY,2010,7.08088302612304
Egypt,EGY,2012,7.40650987625122
Egypt,EGY,2015,7.69660806655883
Egypt,EGY,2017,6.71529865264892
Egypt,EGY,2019,7.18875551223754
Egypt,EGY,2021,7.61085319519043
El Salvador,SLV,1989,6.18721771240234
El Salvador,SLV,1991,5.1267614364624
El Salvador,SLV,1995,6.34326553344726
El Salvador,SLV,1996,6.15391397476196
El Salvador,SLV,1998,6.13191699981689
El Salvador,SLV,1999,6.46728944778442
El Salvador,SLV,2000,7.29310607910156
El Salvador,SLV,2001,6.99990892410278
El Salvador,SLV,2002,7.00543117523193
El Salvador,SLV,2003,6.8558120727539
El Salvador,SLV,2004,7.08785533905029
El Salvador,SLV,2005,7.16331243515014
El Salvador,SLV,2006,7.38284635543823
El Salvador,SLV,2007,7.82555818557739
El Salvador,SLV,2008,7.29736518859863
El Salvador,SLV,2009,7.38914346694946
El Salvador,SLV,2010,7.57444477081298
El Salvador,SLV,2011,7.4479079246521
El Salvador,SLV,2012,7.82919549942016
El Salvador,SLV,2013,8.4372911453247
El Salvador,SLV,2014,8.40349769592285
El Salvador,SLV,2015,8.77875995635986
El Salvador,SLV,2016,9.11552333831787
El Salvador,SLV,2017,9.37773036956787
El Salvador,SLV,2018,10.032618522644
El Salvador,SLV,2019,10.743257522583
El Salvador,SLV,2021,11.1543130874633
El Salvador,SLV,2022,11.252646446228
El Salvador,SLV,2023,11.8798818588256
Equatorial Guinea,GNQ,2022,7.13425683975219
Estonia,EST,1993,10.0672206878662
Estonia,EST,2003,13.1824541091918
Estonia,EST,2004,14.9150505065917
Estonia,EST,2005,17.0639057159423
Estonia,EST,2006,20.0013961791992
Estonia,EST,2007,23.1481189727783
Estonia,EST,2008,23.7701454162597
Estonia,EST,2009,22.6868705749511
Estonia,EST,2010,21.5170421600341
Estonia,EST,2011,21.6403903961181
Estonia,EST,2012,22.7694435119628
Estonia,EST,2013,23.9311714172363
Estonia,EST,2014,26.127212524414
Estonia,EST,2015,28.5760326385498
Estonia,EST,2016,31.1576919555664
Estonia,EST,2017,33.4559440612793
Estonia,EST,2018,35.6269149780273
Estonia,EST,2019,37.1348037719726
Estonia,EST,2020,38.5859718322753
Estonia,EST,2021,42.9331398010253
Estonia,EST,2022,36.875129699707
Estonia,EST,2023,36.523811340332
Eswatini,SWZ,1994,0.85593044757843
Eswatini,SWZ,2000,2.19124436378479
Eswatini,SWZ,2009,2.50024271011352
Eswatini,SWZ,2016,3.38262701034545
Ethiopia,ETH,1995,2.01731252670288
Ethiopia,ETH,1999,2.48977518081665
Ethiopia,ETH,2004,3.35271596908569
Ethiopia,ETH,2010,3.51278448104858
Ethiopia,ETH,2015,3.89642786979675
Ethiopia,ETH,2021,3.48680186271667
Fiji,FJI,2002,8.02313327789306
Fiji,FJI,2008,8.42758464813232
Fiji,FJI,2013,8.72406673431396
Fiji,FJI,2019,7.1636266708374
Finland,FIN,1987,36.8768501281738
Finland,FIN,1991,40.9652099609375
Finland,FIN,1995,37.3041458129882
Finland,FIN,2000,42.1354827880859
Finland,FIN,2003,44.5675544738769
Finland,FIN,2004,46.1510505676269
Finland,FIN,2005,48.1624679565429
Finland,FIN,2006,48.9333190917968
Finland,FIN,2007,50.5069770812988
Finland,FIN,2008,51.202953338623
Finland,FIN,2009,52.8761138916015
Finland,FIN,2010,53.3763732910156
Finland,FIN,2011,53.4869422912597
Finland,FIN,2012,54.0334510803222
Finland,FIN,2013,53.9355316162109
Finland,FIN,2014,53.8642272949218
Finland,FIN,2015,54.1043090820312
Finland,FIN,2016,54.7280006408691
Finland,FIN,2017,55.8720893859863
Finland,FIN,2018,56.7413444519043
Finland,FIN,2019,57.7256088256835
Finland,FIN,2020,57.6656913757324
Finland,FIN,2021,58.3752670288085
Finland,FIN,2022,56.558738708496
Finland,FIN,2023,56.4773635864257
France,FRA,1970,22.5920219421386
France,FRA,1975,29.1786651611328
France,FRA,1979,34.7559852600097
France,FRA,1984,37.4075546264648
France,FRA,1990,40.1178245544433
France,FRA,1996,43.5834693908691
France,FRA,1997,43.8661422729492
France,FRA,1998,44.9349746704101
France,FRA,1999,45.4627456665039
France,FRA,2000,46.5630569458007
France,FRA,2001,47.7670745849609
France,FRA,2002,48.9843101501464
France,FRA,2003,45.4274215698242
France,FRA,2004,46.596565246582
France,FRA,2005,46.3730430603027
France,FRA,2006,46.1125335693359
France,FRA,2007,53.1743469238281
France,FRA,2008,53.83935546875
France,FRA,2009,55.2687797546386
France,FRA,2010,54.2615585327148
France,FRA,2011,54.5587615966796
France,FRA,2012,54.4616508483886
France,FRA,2013,54.3364219665527
France,FRA,2014,55.641616821289
France,FRA,2015,56.2771301269531
France,FRA,2016,57.040111541748
France,FRA,2017,56.6715927124023
France,FRA,2018,56.8413429260253
France,FRA,2019,55.6707191467285
France,FRA,2020,57.4685668945312
France,FRA,2021,57.0588912963867
France,FRA,2022,57.0205192565918
France,FRA,2023,57.2105484008789
Gabon,GAB,2005,7.28491306304931
Gabon,GAB,2017,11.307635307312
Gambia,GMB,1998,1.57304322719573
Gambia,GMB,2003,2.70168900489807
Gambia,GMB,2010,3.95680999755859
Gambia,GMB,2015,5.02621984481811
Gambia,GMB,2020,4.857421875
Georgia,GEO,1996,7.09020662307739
Georgia,GEO,1997,4.62297821044921
Georgia,GEO,1998,4.73718786239624
Georgia,GEO,1999,4.11215734481811
Georgia,GEO,2000,3.92862129211425
Georgia,GEO,2001,3.75054764747619
Georgia,GEO,2002,4.957848072052
Georgia,GEO,2003,4.99106216430664
Georgia,GEO,2004,5.22238111495971
Georgia,GEO,2005,5.04329252243042
Georgia,GEO,2006,4.93896484375
Georgia,GEO,2007,4.78371810913085
Georgia,GEO,2008,5.15636587142944
Georgia,GEO,2009,5.09173393249511
Georgia,GEO,2010,5.0411353111267
Georgia,GEO,2011,5.20305156707763
Georgia,GEO,2012,5.65906953811645
Georgia,GEO,2013,6.12295246124267
Georgia,GEO,2014,6.53681707382202
Georgia,GEO,2015,6.60456228256225
Georgia,GEO,2016,6.66550827026367
Georgia,GEO,2017,6.83027696609497
Georgia,GEO,2018,6.87667083740234
Georgia,GEO,2019,6.86859083175659
Georgia,GEO,2020,6.44294643402099
Georgia,GEO,2021,6.77664518356323
Georgia,GEO,2022,7.5648136138916
Georgia,GEO,2023,8.4205846786499
Georgia,GEO,2024,8.77147483825683
Germany,DEU,1991,49.400463104248
Germany,DEU,1992,50.6336441040039
Germany,DEU,1993,50.7331161499023
Germany,DEU,1994,50.7546348571777
Germany,DEU,1995,51.0890083312988
Germany,DEU,1996,51.5822792053222
Germany,DEU,1997,50.8227653503418
Germany,DEU,1998,52.3425025939941
Germany,DEU,1999,52.9879302978515
Germany,DEU,2000,54.3733558654785
Germany,DEU,2001,53.2177963256835
Germany,DEU,2002,54.2290725708007
Germany,DEU,2003,54.2419242858886
Germany,DEU,2004,54.4150390625
Germany,DEU,2005,53.6578941345214
Germany,DEU,2006,54.0760688781738
Germany,DEU,2007,54.8582611083984
Germany,DEU,2008,54.8016281127929
Germany,DEU,2009,55.5615348815918
Germany,DEU,2010,55.923957824707
Germany,DEU,2011,55.7228965759277
Germany,DEU,2012,55.9000740051269
Germany,DEU,2013,56.0977020263671
Germany,DEU,2014,56.9747810363769
Germany,DEU,2015,58.2619552612304
Germany,DEU,2016,59.7837409973144
Germany,DEU,2017,60.322467803955
Germany,DEU,2018,62.252685546875
Germany,DEU,2019,62.9889221191406
Germany,DEU,2020,65.8421173095703
Germany,DEU,2021,65.056396484375
Germany,DEU,2022,64.1773376464843
Ghana,GHA,1987,1.88985228538513
Ghana,GHA,1988,1.90862357616424
Ghana,GHA,1991,1.69237852096557
Ghana,GHA,1998,2.20084810256958
Ghana,GHA,2005,2.46646976470947
Ghana,GHA,2012,3.51226711273193
Ghana,GHA,2016,3.72265148162841
Greece,GRC,1995,25.1278133392334
Greece,GRC,2000,29.0992755889892
Greece,GRC,2002,33.167251586914
Greece,GRC,2003,33.7005195617675
Greece,GRC,2004,35.0172691345214
Greece,GRC,2005,34.8489303588867
Greece,GRC,2006,35.2807846069335
Greece,GRC,2007,36.9189224243164
Greece,GRC,2008,37.3617057800293
Greece,GRC,2009,38.2050056457519
Greece,GRC,2010,33.2041625976562
Greece,GRC,2011,28.0516548156738
Greece,GRC,2012,24.046043395996
Greece,GRC,2013,22.6367435455322
Greece,GRC,2014,22.6204242706298
Greece,GRC,2015,22.9123859405517
Greece,GRC,2016,23.5217857360839
Greece,GRC,2017,23.9709129333496
Greece,GRC,2018,24.9144592285156
Greece,GRC,2019,26.7089900970459
Greece,GRC,2020,26.9260826110839
Greece,GRC,2021,28.681827545166
Greece,GRC,2022,27.8749256134033
Greece,GRC,2023,28.9118061065673
Guatemala,GTM,1986,3.20777344703674
Guatemala,GTM,1989,4.66223669052124
Guatemala,GTM,1998,8.97352218627929
Guatemala,GTM,2000,10.1610984802246
Guatemala,GTM,2006,10.5852336883544
Guatemala,GTM,2014,9.1625165939331
Guatemala,GTM,2023,8.73046016693115
Guinea,GIN,1991,1.12864518165588
Guinea,GIN,1994,3.84599757194519
Guinea,GIN,2002,2.98889708518981
Guinea,GIN,2007,3.29358911514282
Guinea,GIN,2012,4.66746044158935
Guinea,GIN,2018,5.65447998046875
Guinea-Bissau,GNB,1991,2.93539929389953
Guinea-Bissau,GNB,1993,2.82819604873657
Guinea-Bissau,GNB,2002,2.25800323486328
Guinea-Bissau,GNB,2010,1.75302135944366
Guinea-Bissau,GNB,2018,3.6729233264923
Guinea-Bissau,GNB,2021,3.44952130317688
Haiti,HTI,2001,1.53234839439392
Haiti,HTI,2012,1.91585195064544
Honduras,HND,1989,3.04069447517395
Honduras,HND,1990,2.87322115898132
Honduras,HND,1991,3.62489247322082
Honduras,HND,1992,3.94204878807067
Honduras,HND,1993,4.61399126052856
Honduras,HND,1994,4.53801250457763
Honduras,HND,1995,4.35631036758422
Honduras,HND,1996,4.08883714675903
Honduras,HND,1997,5.29762268066406
Honduras,HND,1998,5.18910980224609
Honduras,HND,1999,4.8981704711914
Honduras,HND,2001,6.37252187728881
Honduras,HND,2002,5.43436098098754
Honduras,HND,2003,4.78073740005493
Honduras,HND,2004,4.94768524169921
Honduras,HND,2005,5.29434823989868
Honduras,HND,2006,6.18168878555297
Honduras,HND,2007,6.67605066299438
Honduras,HND,2008,7.18282270431518
Honduras,HND,2009,7.72438144683837
Honduras,HND,2010,7.17228031158447
Honduras,HND,2011,7.18298625946044
Honduras,HND,2012,6.2801456451416
Honduras,HND,2013,6.70669984817504
Honduras,HND,2014,6.87627506256103
Honduras,HND,2015,6.90650844573974
Honduras,HND,2016,7.3395390510559
Honduras,HND,2017,7.23257827758789
Honduras,HND,2018,7.23206520080566
Honduras,HND,2019,7.50292158126831
Honduras,HND,2023,7.52232503890991
Honduras,HND,2024,8.35151481628418
Hungary,HUN,1987,20.3695602416992
Hungary,HUN,1989,9.27249240875244
Hungary,HUN,1991,17.1936435699462
Hungary,HUN,1993,13.8786602020263
Hungary,HUN,1994,14.8835735321044
Hungary,HUN,1999,13.8813772201538
Hungary,HUN,2004,17.0461368560791
Hungary,HUN,2005,17.9356327056884
Hungary,HUN,2006,18.6114654541015
Hungary,HUN,2007,18.216905593872
Hungary,HUN,2008,18.8145809173584
Hungary,HUN,2009,18.1605987548828
Hungary,HUN,2010,18.3340530395507
Hungary,HUN,2011,18.7107028961181
Hungary,HUN,2012,17.4713745117187
Hungary,HUN,2013,17.8120136260986
Hungary,HUN,2014,18.9265308380126
Hungary,HUN,2015,19.8990631103515
Hungary,HUN,2016,20.7903747558593
Hungary,HUN,2017,22.1389846801757
Iceland,ISL,2003,47.2062034606933
Iceland,ISL,2004,47.0060691833496
Iceland,ISL,2005,48.9742088317871
Iceland,ISL,2006,54.686107635498
Iceland,ISL,2007,58.4325218200683
Iceland,ISL,2008,59.4439353942871
Iceland,ISL,2009,52.5700950622558
Iceland,ISL,2010,48.4207916259765
Iceland,ISL,2011,48.4979362487793
Iceland,ISL,2012,48.9197273254394
Iceland,ISL,2013,50.4048690795898
Iceland,ISL,2014,52.1305389404296
Iceland,ISL,2015,55.9421806335449
Iceland,ISL,2016,59.9537658691406
Iceland,ISL,2017,63.928367614746
Iceland,ISL,2018,60.7703437805175
Iceland,ISL,2019,60.6326675415039
India,IND,1977,2.6904137134552
India,IND,1983,2.97172999382019
India,IND,1987,2.94344282150268
India,IND,1993,3.07805800437927
India,IND,2004,3.11120724678039
India,IND,2009,3.51202011108398
India,IND,2011,3.85636830329895
India,IND,2022,5.53649520874023
Indonesia,IDN,1984,1.60864448547363
Indonesia,IDN,1987,1.6395137310028
Indonesia,IDN,1990,1.98009860515594
Indonesia,IDN,1993,1.99110770225524
Indonesia,IDN,1996,2.312744140625
Indonesia,IDN,1998,1.80688083171844
Indonesia,IDN,1999,2.45427703857421
Indonesia,IDN,2000,2.4639184474945
Indonesia,IDN,2001,2.56569170951843
Indonesia,IDN,2002,3.09915971755981
Indonesia,IDN,2003,3.15483427047729
Indonesia,IDN,2004,3.15058183670043
Indonesia,IDN,2005,3.33468651771545
Indonesia,IDN,2006,3.12106561660766
Indonesia,IDN,2007,3.35649394989013
Indonesia,IDN,2008,3.49669122695922
Indonesia,IDN,2009,3.47993493080139
Indonesia,IDN,2010,3.77408027648925
Indonesia,IDN,2011,3.97374153137207
Indonesia,IDN,2012,4.20492267608642
Indonesia,IDN,2013,4.22304725646972
Indonesia,IDN,2014,4.36807107925415
Indonesia,IDN,2015,4.61120748519897
Indonesia,IDN,2016,5.02549648284912
Indonesia,IDN,2017,5.3755235671997
Indonesia,IDN,2018,5.68061161041259
Indonesia,IDN,2019,5.8168773651123
Indonesia,IDN,2020,5.95242309570312
Indonesia,IDN,2021,6.15093517303466
Indonesia,IDN,2022,6.06476831436157
Indonesia,IDN,2023,6.16797828674316
Indonesia,IDN,2024,6.33853483200073
Indonesia,IDN,2025,6.65595245361328
Iran,IRN,1986,5.78874969482421
Iran,IRN,1990,5.55965137481689
Iran,IRN,1994,6.41294431686401
Iran,IRN,1998,6.81138849258422
Iran,IRN,2005,10.4785213470458
Iran,IRN,2006,10.4778652191162
Iran,IRN,2009,10.8088493347167
Iran,IRN,2011,9.95498657226562
Iran,IRN,2012,10.0337343215942
Iran,IRN,2013,9.62719535827636
Iran,IRN,2014,9.29808902740478
Iran,IRN,2015,9.38822174072265
Iran,IRN,2016,9.39697742462158
Iran,IRN,2017,9.88432788848877
Iran,IRN,2018,9.39677619934082
Iran,IRN,2019,8.67693901062011
Iran,IRN,2020,8.51301574707031
Iran,IRN,2021,9.28743457794189
Iran,IRN,2022,9.79765701293945
Iran,IRN,2023,10.1860427856445
Iraq,IRQ,2006,9.91145896911621
Iraq,IRQ,2012,10.465516090393
Iraq,IRQ,2023,10.8890171051025
Ireland,IRL,1987,16.4291286468505
Ireland,IRL,1994,22.4175701141357
Ireland,IRL,1995,22.7352695465087
Ireland,IRL,1996,24.818302154541
Ireland,IRL,2000,32.6619834899902
Ireland,IRL,2002,36.3254928588867
Ireland,IRL,2003,37.0482940673828
Ireland,IRL,2004,38.0349655151367
Ireland,IRL,2005,38.9626235961914
Ireland,IRL,2006,42.7028427124023
Ireland,IRL,2007,42.12495803833
Ireland,IRL,2008,40.0665473937988
Ireland,IRL,2009,39.1312255859375
Ireland,IRL,2010,37.9977493286132
Ireland,IRL,2011,36.5376167297363
Ireland,IRL,2012,36.5179290771484
Ireland,IRL,2013,36.5798683166503
Ireland,IRL,2014,38.4144821166992
Ireland,IRL,2015,40.1879158020019
Ireland,IRL,2016,41.1962280273437
Ireland,IRL,2017,44.8404922485351
Ireland,IRL,2018,45.8137588500976
Ireland,IRL,2019,47.4069175720214
Ireland,IRL,2020,50.3976707458496
Ireland,IRL,2021,51.9169807434082
Ireland,IRL,2022,50.1004066467285
Ireland,IRL,2023,50.4867820739746
Israel,ISR,1979,17.4672718048095
Israel,ISR,1986,17.4155254364013
Israel,ISR,1992,20.8608436584472
Israel,ISR,1997,21.4606494903564
Israel,ISR,2001,24.153522491455
Israel,ISR,2002,21.8480968475341
Israel,ISR,2003,22.1663589477539
Israel,ISR,2004,23.0819911956787
Israel,ISR,2005,23.7233180999755
Israel,ISR,2006,24.6929550170898
Israel,ISR,2007,25.8836364746093
Israel,ISR,2008,26.2510242462158
Israel,ISR,2009,26.301097869873
Israel,ISR,2010,26.9191837310791
Israel,ISR,2011,26.9028358459472
Israel,ISR,2012,28.8838882446289
Israel,ISR,2013,30.3292789459228
Israel,ISR,2014,31.595230102539
Israel,ISR,2015,32.2640533447265
Israel,ISR,2016,33.2366981506347
Israel,ISR,2017,34.9515304565429
Israel,ISR,2018,36.1354827880859
Israel,ISR,2019,35.2581558227539
Israel,ISR,2020,34.8792037963867
Israel,ISR,2021,35.2843704223632
Israel,ISR,2022,37.4846534729003
Italy,ITA,1977,23.1302261352539
Italy,ITA,1978,25.4074840545654
Italy,ITA,1979,26.6430053710937
Italy,ITA,1980,27.5447959899902
Italy,ITA,1981,26.977741241455
Italy,ITA,1982,28.6909656524658
Italy,ITA,1983,28.8730812072753
Italy,ITA,1984,29.5896377563476
Italy,ITA,1986,28.1645965576171
Italy,ITA,1987,32.3552322387695
Italy,ITA,1989,35.534568786621
Italy,ITA,1991,35.6551055908203
Italy,ITA,1993,34.8979873657226
Italy,ITA,1995,33.9374771118164
Italy,ITA,1998,36.2797355651855
Italy,ITA,2000,37.3519821166992
Italy,ITA,2002,37.5904083251953
Italy,ITA,2003,45.6787490844726
Italy,ITA,2004,47.2553329467773
Italy,ITA,2005,47.0785675048828
Italy,ITA,2006,47.8371772766113
Italy,ITA,2007,48.8481521606445
Italy,ITA,2008,47.6207084655761
Italy,ITA,2009,48.1125450134277
Italy,ITA,2010,47.0234222412109
Italy,ITA,2011,46.0584869384765
Italy,ITA,2012,44.0242919921875
Italy,ITA,2013,43.7287826538085
Italy,ITA,2014,43.9375
Italy,ITA,2015,45.198917388916
Italy,ITA,2016,46.1918754577636
Italy,ITA,2017,46.4360809326171
Italy,ITA,2018,46.5994606018066
Italy,ITA,2019,48.8311882019043
Italy,ITA,2020,47.9282455444335
Italy,ITA,2021,49.6978302001953
Italy,ITA,2022,49.9364318847656
Italy,ITA,2023,48.7903861999511
Jamaica,JAM,1988,6.89806127548217
Jamaica,JAM,1990,6.41579675674438
Jamaica,JAM,1993,5.1269474029541
Jamaica,JAM,1996,7.13482666015625
Jamaica,JAM,1999,9.00775623321533
Jamaica,JAM,2002,8.91276836395263
Jamaica,JAM,2004,9.27801513671875
Jamaica,JAM,2018,14.0417518615722
Jamaica,JAM,2021,14.2937784194946
Japan,JPN,2008,41.7392578125
Japan,JPN,2009,40.9232063293457
Japan,JPN,2010,42.1477088928222
Japan,JPN,2011,39.7666931152343
Japan,JPN,2012,40.0558586120605
Japan,JPN,2013,40.3814544677734
Japan,JPN,2014,39.9172096252441
Japan,JPN,2015,41.2406616210937
Japan,JPN,2016,40.407054901123
Japan,JPN,2017,41.0310821533203
Japan,JPN,2018,40.1179389953613
Japan,JPN,2019,40.1753501892089
Japan,JPN,2020,42.1728057861328
Jordan,JOR,1986,13.6471500396728
Jordan,JOR,1992,9.55845165252685
Jordan,JOR,1997,9.22437953948974
Jordan,JOR,2002,10.6931047439575
Jordan,JOR,2006,12.2036018371582
Jordan,JOR,2008,12.3596467971801
Jordan,JOR,2010,13.7110738754272
Kazakhstan,KAZ,1993,5.7712059020996
Kazakhstan,KAZ,1996,5.79010438919067
Kazakhstan,KAZ,2001,5.09863471984863
Kazakhstan,KAZ,2002,5.38270139694213
Kazakhstan,KAZ,2003,5.89494323730468
Kazakhstan,KAZ,2004,6.3225131034851
Kazakhstan,KAZ,2005,6.29369115829467
Kazakhstan,KAZ,2006,7.72278785705566
Kazakhstan,KAZ,2007,9.01177501678466
Kazakhstan,KAZ,2008,9.03985691070556
Kazakhstan,KAZ,2009,9.03926467895507
Kazakhstan,KAZ,2010,9.58346366882324
Kazakhstan,KAZ,2011,11.4146270751953
Kazakhstan,KAZ,2012,11.6182985305786
Kazakhstan,KAZ,2013,12.2758350372314
Kazakhstan,KAZ,2014,11.9740018844604
Kazakhstan,KAZ,2015,11.3967370986938
Kazakhstan,KAZ,2016,10.5409898757934
Kazakhstan,KAZ,2017,11.2361936569213
Kazakhstan,KAZ,2018,11.8027572631835
Kazakhstan,KAZ,2019,11.7313776016235
Kazakhstan,KAZ,2020,11.8407049179077
Kazakhstan,KAZ,2021,12.2440023422241
Kenya,KEN,1992,4.5352988243103
Kenya,KEN,1994,4.15775108337402
Kenya,KEN,1997,4.15639734268188
Kenya,KEN,2005,3.3350510597229
Kenya,KEN,2015,3.74663996696472
Kenya,KEN,2020,3.24671745300292
Kenya,KEN,2021,3.15979719161987
Kenya,KEN,2022,3.21497845649719
Kiribati,KIR,2006,4.91477918624877
Kiribati,KIR,2019,5.88750696182251
Kiribati,KIR,2023,8.05118465423584
Kosovo,OWID_KOS,2017,8.39555072784423
Kosovo,OWID_KOS,2018,7.49035358428955
Kosovo,OWID_KOS,2019,10.1589021682739
Kosovo,OWID_KOS,2020,10.7130365371704
Kosovo,OWID_KOS,2021,8.79878139495849
Kosovo,OWID_KOS,2022,10.448184967041
Kyrgyzstan,KGZ,2000,2.39911866188049
Kyrgyzstan,KGZ,2001,2.58380889892578
Kyrgyzstan,KGZ,2002,2.63406515121459
Kyrgyzstan,KGZ,2003,2.8024616241455
Kyrgyzstan,KGZ,2004,3.86309051513671
Kyrgyzstan,KGZ,2005,3.56349325180053
Kyrgyzstan,KGZ,2006,4.37596368789672
Kyrgyzstan,KGZ,2007,4.45912981033325
Kyrgyzstan,KGZ,2008,5.26461553573608
Kyrgyzstan,KGZ,2009,5.31285572052001
Kyrgyzstan,KGZ,2010,5.12856149673461
Kyrgyzstan,KGZ,2011,5.19624757766723
Kyrgyzstan,KGZ,2012,5.06005573272705
Kyrgyzstan,KGZ,2013,4.8722710609436
Kyrgyzstan,KGZ,2014,5.15806627273559
Kyrgyzstan,KGZ,2015,4.95886325836181
Kyrgyzstan,KGZ,2016,5.16517972946167
Kyrgyzstan,KGZ,2017,5.19305610656738
Kyrgyzstan,KGZ,2018,5.51884126663208
Kyrgyzstan,KGZ,2019,5.68242788314819
Kyrgyzstan,KGZ,2020,5.28898906707763
Kyrgyzstan,KGZ,2021,5.73854780197143
Kyrgyzstan,KGZ,2022,5.87405061721801
Kyrgyzstan,KGZ,2023,6.33972072601318
Kyrgyzstan,KGZ,2024,6.85668039321899
Laos,LAO,1992,3.37067699432373
Laos,LAO,1997,2.58969616889953
Laos,LAO,2002,3.27959465980529
Laos,LAO,2007,3.59212231636047
Laos,LAO,2012,4.60013198852539
Laos,LAO,2018,5.25760984420776
Laos,LAO,2024,6.17050647735595
Latvia,LVA,1993,8.50032520294189
Latvia,LVA,1995,9.9531078338623
Latvia,LVA,1996,9.67962455749511
Latvia,LVA,2004,12.0649251937866
Latvia,LVA,2005,13.3140659332275
Latvia,LVA,2006,16.538984298706
Latvia,LVA,2007,21.5377216339111
Latvia,LVA,2008,21.3386478424072
Latvia,LVA,2009,17.8203220367431
Latvia,LVA,2010,17.6193389892578
Latvia,LVA,2011,17.1678638458251
Latvia,LVA,2012,17.7252006530761
Latvia,LVA,2013,19.1334228515625
Latvia,LVA,2014,21.1763038635253
Latvia,LVA,2015,23.0735073089599
Latvia,LVA,2016,24.3802890777587
Latvia,LVA,2017,26.2989673614501
Latvia,LVA,2018,28.3186016082763
Latvia,LVA,2019,29.6910362243652
Latvia,LVA,2020,31.4867343902587
Latvia,LVA,2021,33.9152183532714
Latvia,LVA,2022,31.6410446166992
Latvia,LVA,2023,32.9529342651367
Lebanon,LBN,2011,21.3647499084472
Lebanon,LBN,2022,8.18707275390625
Liberia,LBR,2007,2.57705068588256
Liberia,LBR,2014,3.97550773620605
Liberia,LBR,2016,3.87180018424987
Lithuania,LTU,1993,5.29718494415283
Lithuania,LTU,2004,12.7907314300537
Lithuania,LTU,2005,14.9919872283935
Lithuania,LTU,2006,18.5911903381347
Lithuania,LTU,2007,21.9611454010009
Lithuania,LTU,2008,23.5561828613281
Lithuania,LTU,2009,19.4622497558593
Lithuania,LTU,2010,18.8292217254638
Lithuania,LTU,2011,20.1138324737548
Lithuania,LTU,2012,20.7553176879882
Lithuania,LTU,2013,21.4816436767578
Lithuania,LTU,2014,22.8823299407959
Lithuania,LTU,2015,25.2616672515869
Lithuania,LTU,2016,27.0347080230712
Lithuania,LTU,2017,28.5738353729248
Lithuania,LTU,2018,31.2641220092773
Lithuania,LTU,2019,34.251220703125
Lithuania,LTU,2020,37.9623489379882
Lithuania,LTU,2021,38.9335174560546
Lithuania,LTU,2022,36.8263473510742
Lithuania,LTU,2023,37.5957069396972
Luxembourg,LUX,1985,43.3115425109863
Luxembourg,LUX,1986,47.592227935791
Luxembourg,LUX,1987,52.0910415649414
Luxembourg,LUX,1988,54.0755424499511
Luxembourg,LUX,1989,55.6477622985839
Luxembourg,LUX,1990,59.6171607971191
Luxembourg,LUX,1991,60.4604568481445
Luxembourg,LUX,1992,62.1598587036132
Luxembourg,LUX,1993,62.2382278442382
Luxembourg,LUX,1994,59.9835548400878
Luxembourg,LUX,1995,60.847312927246
Luxembourg,LUX,1996,60.9015808105468
Luxembourg,LUX,1997,61.6654357910156
Luxembourg,LUX,1998,63.130859375
Luxembourg,LUX,1999,66.2820587158203
Luxembourg,LUX,2000,65.1715469360351
Luxembourg,LUX,2001,66.2005767822265
Luxembourg,LUX,2002,69.7989349365234
Luxembourg,LUX,2003,70.0061492919921
Luxembourg,LUX,2004,72.2422332763671
Luxembourg,LUX,2005,74.5447006225586
Luxembourg,LUX,2006,73.1019821166992
Luxembourg,LUX,2007,74.2988815307617
Luxembourg,LUX,2008,71.6745223999023
Luxembourg,LUX,2009,74.5999908447265
Luxembourg,LUX,2010,72.9697189331054
Luxembourg,LUX,2011,71.3773727416992
Luxembourg,LUX,2012,69.3367462158203
Luxembourg,LUX,2013,71.7232131958007
Luxembourg,LUX,2014,72.7025756835937
Luxembourg,LUX,2015,66.9531097412109
Luxembourg,LUX,2016,73.0810089111328
Luxembourg,LUX,2017,71.2762145996093
Luxembourg,LUX,2018,74.6627502441406
Luxembourg,LUX,2019,75.081802368164
Luxembourg,LUX,2020,84.0295639038086
Luxembourg,LUX,2021,86.1215209960937
Luxembourg,LUX,2022,87.4691925048828
Luxembourg,LUX,2023,89.4851913452148
Madagascar,MDG,1980,2.37349939346313
Madagascar,MDG,1993,1.55085015296936
Madagascar,MDG,1997,1.65727341175079
Madagascar,MDG,1999,1.68019771575927
Madagascar,MDG,2001,2.60370564460754
Madagascar,MDG,2005,2.77613997459411
Madagascar,MDG,2010,2.33059740066528
Madagascar,MDG,2012,2.20445799827575
Madagascar,MDG,2021,2.23939442634582
Malawi,MWI,1997,2.34794044494628
Malawi,MWI,2004,1.9834486246109
Malawi,MWI,2010,1.8984887599945
Malawi,MWI,2016,2.06589698791503
Malawi,MWI,2019,1.92093133926391
Malaysia,MYS,1984,9.76144409179687
Malaysia,MYS,1987,9.5820140838623
Malaysia,MYS,1989,9.55372142791748
Malaysia,MYS,1992,10.339614868164
Malaysia,MYS,1995,10.6287651062011
Malaysia,MYS,1997,13.1014928817749
Malaysia,MYS,2003,12.7262525558471
Malaysia,MYS,2006,14.3145875930786
Malaysia,MYS,2008,14.8296575546264
Malaysia,MYS,2011,18.5732955932617
Malaysia,MYS,2013,21.9848098754882
Malaysia,MYS,2015,24.7098140716552
Malaysia,MYS,2018,27.6736164093017
Malaysia,MYS,2021,29.554759979248
Maldives,MDV,2002,4.81170749664306
Maldives,MDV,2009,6.44832420349121
Maldives,MDV,2016,15.5047521591186
Maldives,MDV,2019,15.0143671035766
Mali,MLI,1994,0.918124556541442
Mali,MLI,2001,2.05669665336608
Mali,MLI,2006,2.36853528022766
Mali,MLI,2009,2.42266654968261
Mali,MLI,2018,4.12962865829467
Mali,MLI,2021,3.66974163055419
Malta,MLT,2006,33.379711151123
Malta,MLT,2007,36.1400337219238
Malta,MLT,2008,36.6440963745117
Malta,MLT,2009,35.4673614501953
Malta,MLT,2010,36.5969924926757
Malta,MLT,2011,37.3257522583007
Malta,MLT,2012,38.31103515625
Malta,MLT,2013,40.5524635314941
Malta,MLT,2014,43.0376052856445
Malta,MLT,2015,42.6664161682128
Malta,MLT,2016,46.0759010314941
Malta,MLT,2017,46.4343910217285
Malta,MLT,2018,47.6662940979003
Malta,MLT,2019,49.323429107666
Malta,MLT,2020,51.9086418151855
Malta,MLT,2021,54.0424613952636
Malta,MLT,2022,53.5248298645019
Malta,MLT,2023,56.0288772583007
Mauritania,MRT,1987,2.95343804359436
Mauritania,MRT,1993,2.79108238220214
Mauritania,MRT,1995,4.06403732299804
Mauritania,MRT,2000,4.25031375885009
Mauritania,MRT,2004,4.22755527496337
Mauritania,MRT,2008,5.39473628997802
Mauritania,MRT,2014,6.08588933944702
Mauritania,MRT,2019,6.05978393554687
Mauritius,MUS,2006,10.8832988739013
Mauritius,MUS,2012,11.9101228713989
Mauritius,MUS,2017,13.5119571685791
Mexico,MEX,1984,6.69662904739379
Mexico,MEX,1989,6.86667394638061
Mexico,MEX,1992,7.5061297416687
Mexico,MEX,1994,7.75142765045166
Mexico,MEX,1996,5.80961656570434
Mexico,MEX,1998,6.31745338439941
Mexico,MEX,2000,7.3779125213623
Mexico,MEX,2002,7.7943730354309
Mexico,MEX,2004,8.24076652526855
Mexico,MEX,2005,8.5918607711792
Mexico,MEX,2006,9.00679969787597
Mexico,MEX,2008,9.10678672790527
Mexico,MEX,2010,8.95550918579101
Mexico,MEX,2012,9.29315757751464
Mexico,MEX,2014,8.83377170562744
Mexico,MEX,2016,10.3564586639404
Mexico,MEX,2018,10.8083553314208
Mexico,MEX,2020,10.6109752655029
Mexico,MEX,2022,12.4918889999389
Mexico,MEX,2024,14.2918071746826
Micronesia (country),FSM,2005,6.49154806137085
Micronesia (country),FSM,2013,4.66449403762817
Moldova,MDA,1997,5.1890754699707
Moldova,MDA,1998,4.11854696273803
Moldova,MDA,1999,3.31381320953369
Moldova,MDA,2000,3.43341565132141
Moldova,MDA,2001,3.97924971580505
Moldova,MDA,2002,5.09584712982177
Moldova,MDA,2003,6.03302288055419
Moldova,MDA,2004,6.04195356369018
Moldova,MDA,2005,5.36288928985595
Moldova,MDA,2006,9.29007530212402
Moldova,MDA,2007,10.6284866333007
Moldova,MDA,2008,10.2559347152709
Moldova,MDA,2009,10.5009231567382
Moldova,MDA,2010,10.7532520294189
Moldova,MDA,2011,11.222936630249
Moldova,MDA,2012,11.131028175354
Moldova,MDA,2013,11.96715259552
Moldova,MDA,2014,11.7416296005249
Moldova,MDA,2015,12.1773996353149
Moldova,MDA,2016,11.8069849014282
Moldova,MDA,2017,11.9465522766113
Moldova,MDA,2018,12.3448972702026
Moldova,MDA,2019,12.4870624542236
Moldova,MDA,2020,12.1156015396118
Moldova,MDA,2021,12.5980014801025
Moldova,MDA,2022,11.6395959854125
Moldova,MDA,2023,11.6480894088745
Mongolia,MNG,1995,4.87700605392456
Mongolia,MNG,1998,3.45559906959533
Mongolia,MNG,2002,5.11514091491699
Mongolia,MNG,2007,7.90932703018188
Mongolia,MNG,2010,8.09919261932373
Mongolia,MNG,2011,8.71819496154785
Mongolia,MNG,2012,10.1896295547485
Mongolia,MNG,2014,10.8335351943969
Mongolia,MNG,2016,8.97510719299316
Mongolia,MNG,2018,9.42803382873535
Mongolia,MNG,2022,12.0282621383667
Montenegro,MNE,2012,13.3752517700195
Montenegro,MNE,2013,13.6855010986328
Montenegro,MNE,2014,14.3466281890869
Montenegro,MNE,2015,14.4890556335449
Montenegro,MNE,2016,15.8785238265991
Montenegro,MNE,2017,16.22407913208
Montenegro,MNE,2018,15.9686317443847
Montenegro,MNE,2019,16.3927516937255
Montenegro,MNE,2020,16.0497570037841
Montenegro,MNE,2021,17.7781372070312
Morocco,MAR,1984,4.82566785812377
Morocco,MAR,1990,6.36229085922241
Morocco,MAR,1998,5.39102458953857
Morocco,MAR,2000,5.38382482528686
Morocco,MAR,2006,6.51492071151733
Morocco,MAR,2013,8.43462085723877
Mozambique,MOZ,1996,0.967228353023529
Mozambique,MOZ,2002,1.25773310661315
Mozambique,MOZ,2008,1.58887422084808
Mozambique,MOZ,2014,1.75701630115509
Mozambique,MOZ,2019,1.43924486637115
Mozambique,MOZ,2022,1.4781801700592
Namibia,NAM,1993,2.0789029598236
Namibia,NAM,2003,3.17206525802612
Namibia,NAM,2009,3.85402607917785
Namibia,NAM,2015,6.20539617538452
Nauru,NRU,2012,6.27219676971435
Nepal,NPL,1984,1.82421016693115
Nepal,NPL,1995,2.18376326560974
Nepal,NPL,2003,2.72530341148376
Nepal,NPL,2010,4.52976083755493
Nepal,NPL,2022,8.03238296508789
Netherlands,NLD,1983,34.6428718566894
Netherlands,NLD,1987,38.2606620788574
Netherlands,NLD,1990,44.9538917541503
Netherlands,NLD,1993,42.883804321289
Netherlands,NLD,1999,50.5957221984863
Netherlands,NLD,2004,51.2026481628418
Netherlands,NLD,2005,51.8163681030273
Netherlands,NLD,2006,54.0346870422363
Netherlands,NLD,2007,57.1245918273925
Netherlands,NLD,2008,57.5703582763671
Netherlands,NLD,2009,57.9548034667968
Netherlands,NLD,2010,57.3658485412597
Netherlands,NLD,2011,56.610122680664
Netherlands,NLD,2012,55.7244453430175
Netherlands,NLD,2013,54.2489280700683
Netherlands,NLD,2014,54.718017578125
Netherlands,NLD,2015,58.3227157592773
Netherlands,NLD,2016,60.8502044677734
Netherlands,NLD,2017,60.7391319274902
Netherlands,NLD,2018,61.5098457336425
Netherlands,NLD,2019,62.9448051452636
Netherlands,NLD,2020,68.0710525512695
Netherlands,NLD,2021,69.0861434936523
Nicaragua,NIC,1993,3.22975158691406
Nicaragua,NIC,1998,4.2107982635498
Nicaragua,NIC,2001,4.94544219970703
Nicaragua,NIC,2005,6.10686445236206
Nicaragua,NIC,2009,6.58936786651611
Nicaragua,NIC,2014,8.9005012512207
Niger,NER,1992,1.49860596656799
Niger,NER,1994,1.21606731414794
Niger,NER,2005,1.45413267612457
Niger,NER,2007,1.63707888126373
Niger,NER,2011,2.33250784873962
Niger,NER,2014,2.51079678535461
Niger,NER,2018,2.66086173057556
Niger,NER,2021,2.66158080101013
Nigeria,NGA,1985,2.94142317771911
Nigeria,NGA,1992,2.67052388191223
Nigeria,NGA,1996,2.34087967872619
Nigeria,NGA,2003,2.94037675857543
Nigeria,NGA,2010,3.62419271469116
Nigeria,NGA,2012,3.68951630592346
Nigeria,NGA,2015,3.80427694320678
Nigeria,NGA,2018,3.87894177436828
Nigeria,NGA,2022,3.38732481002807
North Macedonia,MKD,2009,9.47008037567138
North Macedonia,MKD,2010,10.1834173202514
North Macedonia,MKD,2011,10.1490688323974
North Macedonia,MKD,2012,10.5303688049316
North Macedonia,MKD,2013,10.5526809692382
North Macedonia,MKD,2014,11.4075689315795
North Macedonia,MKD,2015,11.9935913085937
North Macedonia,MKD,2016,13.0933103561401
North Macedonia,MKD,2017,13.8358707427978
North Macedonia,MKD,2018,14.282374382019
North Macedonia,MKD,2019,15.5196418762207
Norway,NOR,1979,28.8945655822753
Norway,NOR,1986,40.0251541137695
Norway,NOR,1991,42.2711715698242
Norway,NOR,1995,42.5180358886718
Norway,NOR,2000,50.3451538085937
Norway,NOR,2003,53.8046340942382
Norway,NOR,2004,53.7993087768554
Norway,NOR,2005,55.8990211486816
Norway,NOR,2006,58.2698631286621
Norway,NOR,2007,62.5956802368164
Norway,NOR,2008,65.4770812988281
Norway,NOR,2009,66.3779525756836
Norway,NOR,2010,67.0545883178711
Norway,NOR,2011,71.2217254638671
Norway,NOR,2012,72.4483566284179
Norway,NOR,2013,75.0414428710937
Norway,NOR,2014,76.3105163574218
Norway,NOR,2015,76.5587158203125
Norway,NOR,2016,75.8446884155273
Norway,NOR,2017,75.6494903564453
Norway,NOR,2018,75.0479888916015
Norway,NOR,2019,76.91650390625
Norway,NOR,2020,74.2474288940429
Norway,NOR,2021,75.5267181396484
Norway,NOR,2022,75.873291015625
Norway,NOR,2023,77.7559127807617
Pakistan,PAK,1987,1.85220301151275
Pakistan,PAK,1990,1.93034029006958
Pakistan,PAK,1996,3.15552473068237
Pakistan,PAK,1998,2.99345231056213
Pakistan,PAK,2001,2.79519176483154
Pakistan,PAK,2004,3.31070017814636
Pakistan,PAK,2005,3.31179881095886
Pakistan,PAK,2007,3.53645205497741
Pakistan,PAK,2010,3.87116909027099
Pakistan,PAK,2011,3.905681848526
Pakistan,PAK,2013,4.2313904762268
Pakistan,PAK,2015,4.45721578598022
Pakistan,PAK,2018,4.44639873504638
Pakistan,PAK,2024,4.32220888137817
Palestine,PSE,2004,10.8224096298217
Palestine,PSE,2005,11.2668294906616
Palestine,PSE,2006,11.3457946777343
Palestine,PSE,2007,10.3866186141967
Palestine,PSE,2009,11.7610874176025
Palestine,PSE,2010,11.7260103225708
Palestine,PSE,2011,11.901494026184
Palestine,PSE,2016,11.9776754379272
Palestine,PSE,2023,12.0482587814331
Panama,PAN,1979,7.94647693634033
Panama,PAN,1989,6.15666818618774
Panama,PAN,1991,6.51416015625
Panama,PAN,1995,8.49757957458496
Panama,PAN,1997,8.39892196655273
Panama,PAN,1998,8.26887702941894
Panama,PAN,1999,8.79122924804687
Panama,PAN,2000,9.17706680297851
Panama,PAN,2001,8.18910217285156
Panama,PAN,2002,8.76378154754638
Panama,PAN,2003,8.98904418945312
Panama,PAN,2004,9.37248134613037
Panama,PAN,2005,9.42136192321777
Panama,PAN,2006,9.44823265075683
Panama,PAN,2007,10.4527263641357
Panama,PAN,2008,12.4696702957153
Panama,PAN,2009,12.5558080673217
Panama,PAN,2010,13.1018476486206
Panama,PAN,2011,14.5260725021362
Panama,PAN,2012,14.6331710815429
Panama,PAN,2013,15.318977355957
Panama,PAN,2014,15.8622875213623
Panama,PAN,2015,17.0066413879394
Panama,PAN,2016,18.023078918457
Panama,PAN,2017,18.4639892578125
Panama,PAN,2018,19.4278507232666
Panama,PAN,2019,19.816234588623
Panama,PAN,2021,17.4095134735107
Panama,PAN,2023,17.8956699371337
Panama,PAN,2024,18.57639503479
Papua New Guinea,PNG,1996,2.21588706970214
Papua New Guinea,PNG,2009,2.89411735534667
Paraguay,PRY,1990,12.0095405578613
Paraguay,PRY,1995,8.4700288772583
Paraguay,PRY,1997,10.0885601043701
Paraguay,PRY,1999,8.94476318359375
Paraguay,PRY,2001,9.15167331695556
Paraguay,PRY,2002,6.94857263565063
Paraguay,PRY,2003,8.06845092773437
Paraguay,PRY,2004,8.2477216720581
Paraguay,PRY,2005,8.9388952255249
Paraguay,PRY,2006,8.21741390228271
Paraguay,PRY,2007,8.82633018493652
Paraguay,PRY,2008,9.44151496887207
Paraguay,PRY,2009,9.76593971252441
Paraguay,PRY,2010,10.2796125411987
Paraguay,PRY,2011,11.0402612686157
Paraguay,PRY,2012,12.1881513595581
Paraguay,PRY,2013,12.9538230895996
Paraguay,PRY,2014,13.2736749649047
Paraguay,PRY,2015,13.2255125045776
Paraguay,PRY,2016,12.6541156768798
Paraguay,PRY,2017,13.0857410430908
Paraguay,PRY,2018,13.8237104415893
Paraguay,PRY,2019,14.014533996582
Paraguay,PRY,2020,12.9384698867797
Paraguay,PRY,2021,13.0905208587646
Paraguay,PRY,2022,13.4423389434814
Paraguay,PRY,2023,14.3314924240112
Paraguay,PRY,2024,14.9219741821289
Peru,PER,1997,5.67316722869873
Peru,PER,1998,5.64768505096435
Peru,PER,1999,5.57325983047485
Peru,PER,2000,5.66121816635131
Peru,PER,2001,5.38297939300537
Peru,PER,2002,5.9672679901123
Peru,PER,2003,6.06885623931884
Peru,PER,2004,6.07790470123291
Peru,PER,2005,5.75179195404052
Peru,PER,2006,6.53348064422607
Peru,PER,2007,7.41446208953857
Peru,PER,2008,8.13109111785888
Peru,PER,2009,8.43268394470214
Peru,PER,2010,9.09133720397949
Peru,PER,2011,9.6739330291748
Peru,PER,2012,10.2552833557128
Peru,PER,2013,10.3547067642211
Peru,PER,2014,10.495491027832
Peru,PER,2015,10.4833717346191
Peru,PER,2016,10.8139390945434
Peru,PER,2017,10.7203140258789
Peru,PER,2018,11.066180229187
Peru,PER,2019,11.3703832626342
Peru,PER,2020,8.608078956604
Peru,PER,2021,10.0013990402221
Peru,PER,2022,10.2391757965087
Peru,PER,2023,10.2516450881958
Peru,PER,2024,10.669653892517
Philippines,PHL,1985,3.36186623573303
Philippines,PHL,1988,3.48749494552612
Philippines,PHL,1991,3.576180934906
Philippines,PHL,1994,3.70533180236816
Philippines,PHL,1997,4.36628913879394
Philippines,PHL,2000,4.31851434707641
Philippines,PHL,2003,4.53690290451049
Philippines,PHL,2006,4.49726247787475
Philippines,PHL,2009,4.80267238616943
Philippines,PHL,2012,4.69911479949951
Philippines,PHL,2015,5.19536638259887
Philippines,PHL,2018,5.67732763290405
Philippines,PHL,2021,5.33747768402099
Philippines,PHL,2023,5.66749811172485
Poland,POL,1985,14.6502752304077
Poland,POL,1986,14.8211078643798
Poland,POL,1987,14.8706445693969
Poland,POL,1989,21.2547054290771
Poland,POL,1992,15.7384634017944
Poland,POL,1995,12.5025806427001
Poland,POL,1999,15.2890424728393
Poland,POL,2004,15.7267541885375
Poland,POL,2005,16.8818988800048
Poland,POL,2006,18.2678794860839
Poland,POL,2007,20.4456939697265
Poland,POL,2008,22.2712841033935
Poland,POL,2009,22.7734012603759
Poland,POL,2010,23.3126926422119
Poland,POL,2011,23.5422248840332
Poland,POL,2012,23.4949073791503
Poland,POL,2013,24.1348667144775
Poland,POL,2014,24.9854393005371
Poland,POL,2015,26.6836433410644
Poland,POL,2016,27.8395938873291
Poland,POL,2017,29.5096702575683
Poland,POL,2018,31.315689086914
Poland,POL,2019,34.722053527832
Poland,POL,2020,35.9856452941894
Poland,POL,2021,37.9690055847168
Poland,POL,2022,38.2377548217773
Poland,POL,2023,38.8391723632812
Portugal,PRT,2003,25.1693897247314
Portugal,PRT,2004,25.6397171020507
Portugal,PRT,2005,25.3490600585937
Portugal,PRT,2006,25.8887825012207
Portugal,PRT,2007,27.1888904571533
Portugal,PRT,2008,27.1263179779052
Portugal,PRT,2009,28.6344757080078
Portugal,PRT,2010,27.5638980865478
Portugal,PRT,2011,26.1989784240722
Portugal,PRT,2012,25.174898147583
Portugal,PRT,2013,25.3592529296875
Portugal,PRT,2014,26.105878829956
Portugal,PRT,2015,27.3201370239257
Portugal,PRT,2016,27.6941051483154
Portugal,PRT,2017,28.2770748138427
Portugal,PRT,2018,29.9777278900146
Portugal,PRT,2019,32.5417251586914
Portugal,PRT,2020,32.8818931579589
Portugal,PRT,2021,32.3334884643554
Portugal,PRT,2022,32.2015571594238
Portugal,PRT,2023,33.6769142150878
Romania,ROU,1989,17.7873344421386
Romania,ROU,1992,11.5849161148071
Romania,ROU,1994,4.74174356460571
Romania,ROU,1995,8.92278289794921
Romania,ROU,1997,8.19143676757812
Romania,ROU,2006,8.92211055755615
Romania,ROU,2007,9.82595252990722
Romania,ROU,2008,11.1777267456054
Romania,ROU,2009,11.5452289581298
Romania,ROU,2010,11.2333841323852
Romania,ROU,2011,10.4047956466674
Romania,ROU,2012,10.5506877899169
Romania,ROU,2013,10.6190462112426
Romania,ROU,2014,11.5134296417236
Romania,ROU,2015,12.3105659484863
Romania,ROU,2016,14.1358499526977
Romania,ROU,2017,17.3763961791992
Romania,ROU,2018,19.0432224273681
Romania,ROU,2019,21.4560413360595
Romania,ROU,2020,23.8878078460693
Romania,ROU,2021,26.1580142974853
Romania,ROU,2022,27.7704429626464
Romania,ROU,2023,29.8524150848388
Russia,RUS,1993,11.1306896209716
Russia,RUS,1996,11.194725036621
Russia,RUS,1997,11.2813863754272
Russia,RUS,1998,10.1867046356201
Russia,RUS,1999,8.21184253692627
Russia,RUS,2000,9.02166748046875
Russia,RUS,2001,10.0993480682373
Russia,RUS,2002,10.99862575531
Russia,RUS,2003,11.6360387802124
Russia,RUS,2004,12.5103940963745
Russia,RUS,2005,13.4004144668579
Russia,RUS,2006,14.7469406127929
Russia,RUS,2007,16.5584812164306
Russia,RUS,2008,18.4722709655761
Russia,RUS,2009,18.1811218261718
Russia,RUS,2010,19.6982421875
Russia,RUS,2011,20.3088207244873
Russia,RUS,2012,20.9631252288818
Russia,RUS,2013,21.2995510101318
Russia,RUS,2014,21.3444461822509
Russia,RUS,2015,20.2776203155517
Russia,RUS,2016,20.1474914550781
Russia,RUS,2017,19.8910045623779
Russia,RUS,2018,20.084056854248
Russia,RUS,2019,20.8394603729248
Russia,RUS,2020,20.292100906372
Rwanda,RWA,2000,1.49330842494964
Rwanda,RWA,2005,1.80016279220581
Rwanda,RWA,2010,2.08492708206176
Rwanda,RWA,2013,2.31609058380126
Rwanda,RWA,2016,2.35473322868347
Rwanda,RWA,2023,3.51024484634399
Samoa,WSM,2002,8.00814914703369
Samoa,WSM,2008,8.38328456878662
Samoa,WSM,2013,8.37617969512939
Sao Tome and Principe,STP,2000,5.12159299850463
Sao Tome and Principe,STP,2010,4.77982568740844
Sao Tome and Principe,STP,2017,5.96634721755981
Senegal,SEN,1991,1.46948599815368
Senegal,SEN,1994,2.05264997482299
Senegal,SEN,2001,2.33008289337158
Senegal,SEN,2005,2.82375645637512
Senegal,SEN,2011,2.81848955154418
Senegal,SEN,2018,5.00053596496582
Senegal,SEN,2021,5.03561782836914
Serbia,SRB,2012,12.627926826477
Serbia,SRB,2013,11.7903251647949
Serbia,SRB,2014,11.8662385940551
Serbia,SRB,2015,12.0067043304443
Serbia,SRB,2016,12.7307357788085
Serbia,SRB,2017,13.1173038482666
Serbia,SRB,2018,14.7548322677612
Serbia,SRB,2019,16.7100276947021
Serbia,SRB,2020,17.7568264007568
Serbia,SRB,2021,18.5573654174804
Serbia,SRB,2022,19.1808071136474
Serbia,SRB,2023,21.0575294494628
Seychelles,SYC,1999,15.6831521987915
Seychelles,SYC,2006,14.1808986663818
Seychelles,SYC,2013,17.1647148132324
Seychelles,SYC,2018,21.0009975433349
Sierra Leone,SLE,2003,2.01903939247131
Sierra Leone,SLE,2011,2.84933114051818
Sierra Leone,SLE,2018,3.35865330696105
Slovakia,SVK,1992,16.2388572692871
Slovakia,SVK,1996,16.4248657226562
Slovakia,SVK,2004,17.0352592468261
Slovakia,SVK,2005,18.4770011901855
Slovakia,SVK,2006,20.7854576110839
Slovakia,SVK,2007,21.7804107666015
Slovakia,SVK,2008,22.3166561126709
Slovakia,SVK,2009,23.5652141571044
Slovakia,SVK,2010,24.2617454528808
Slovakia,SVK,2011,25.5395545959472
Slovakia,SVK,2012,23.6894168853759
Slovakia,SVK,2013,23.8285865783691
Slovakia,SVK,2014,24.0269107818603
Slovakia,SVK,2015,24.2099323272705
Slovakia,SVK,2016,24.9008464813232
Slovakia,SVK,2017,25.8407287597656
Slovakia,SVK,2018,26.8657245635986
Slovakia,SVK,2019,27.8390655517578
Slovakia,SVK,2020,26.8465671539306
Slovakia,SVK,2021,26.3953857421875
Slovakia,SVK,2022,24.7127132415771
Slovakia,SVK,2023,24.4623928070068
Slovenia,SVN,1987,39.5196685791015
Slovenia,SVN,1993,22.2501640319824
Slovenia,SVN,1997,27.2897338867187
Slovenia,SVN,1999,27.4145565032959
Slovenia,SVN,2004,33.8365936279296
Slovenia,SVN,2005,35.1393356323242
Slovenia,SVN,2006,36.4379920959472
Slovenia,SVN,2007,38.382080078125
Slovenia,SVN,2008,39.6307754516601
Slovenia,SVN,2009,39.6040420532226
Slovenia,SVN,2010,39.7571601867675
Slovenia,SVN,2011,39.5303535461425
Slovenia,SVN,2012,37.7598304748535
Slovenia,SVN,2013,37.4313087463378
Slovenia,SVN,2014,38.390941619873
Slovenia,SVN,2015,38.7521438598632
Slovenia,SVN,2016,40.0126876831054
Slovenia,SVN,2017,40.8108940124511
Slovenia,SVN,2018,42.9798507690429
Slovenia,SVN,2019,44.2816123962402
Slovenia,SVN,2020,46.3138313293457
Slovenia,SVN,2021,48.6983489990234
Slovenia,SVN,2022,48.3521461486816
Slovenia,SVN,2023,49.235668182373
Solomon Islands,SLB,2005,2.35585021972656
Solomon Islands,SLB,2012,3.43079447746276
South Africa,ZAF,1993,3.5070629119873
South Africa,ZAF,2000,3.18512153625488
South Africa,ZAF,2005,3.73665308952331
South Africa,ZAF,2008,4.19074201583862
South Africa,ZAF,2010,5.26012229919433
South Africa,ZAF,2014,5.19636058807373
South Africa,ZAF,2022,6.55796861648559
South Korea,KOR,2006,33.643985748291
South Korea,KOR,2008,34.3122444152832
South Korea,KOR,2010,34.8850936889648
South Korea,KOR,2012,37.3085594177246
South Korea,KOR,2014,38.8882942199707
South Korea,KOR,2016,44.7692642211914
South Korea,KOR,2017,46.5333251953125
South Korea,KOR,2018,47.8390350341796
South Korea,KOR,2019,49.8766059875488
South Korea,KOR,2020,51.6143913269043
South Korea,KOR,2021,54.25146484375
South Sudan,SSD,2009,3.42270159721374
South Sudan,SSD,2016,1.65454351902008
Spain,ESP,1980,19.3634700775146
Spain,ESP,1985,18.8017635345459
Spain,ESP,1990,25.4240970611572
Spain,ESP,1993,27.4575405120849
Spain,ESP,1994,27.7675323486328
Spain,ESP,1995,27.1176033020019
Spain,ESP,1996,27.3841876983642
Spain,ESP,1997,29.0025177001953
Spain,ESP,1998,31.072805404663
Spain,ESP,1999,32.9997367858886
Spain,ESP,2000,34.6849212646484
Spain,ESP,2003,37.6499710083007
Spain,ESP,2004,36.8943672180175
Spain,ESP,2005,38.6882362365722
Spain,ESP,2006,38.4668998718261
Spain,ESP,2007,45.3248405456543
Spain,ESP,2008,46.45552444458
Spain,ESP,2009,45.9880676269531
Spain,ESP,2010,43.0900917053222
Spain,ESP,2011,41.7613525390625
Spain,ESP,2012,40.1462478637695
Spain,ESP,2013,39.1047058105468
Spain,ESP,2014,39.2265090942382
Spain,ESP,2015,40.256290435791
Spain,ESP,2016,42.0077667236328
Spain,ESP,2017,42.5764007568359
Spain,ESP,2018,42.3691062927246
Spain,ESP,2019,45.1060600280761
Spain,ESP,2020,45.0749320983886
Spain,ESP,2021,46.3086357116699
Spain,ESP,2022,46.3387908935546
Spain,ESP,2023,47.3042831420898
Sri Lanka,LKA,1985,4.07562351226806
Sri Lanka,LKA,1990,4.17782592773437
Sri Lanka,LKA,1995,4.30853605270385
Sri Lanka,LKA,2002,4.70704174041748
Sri Lanka,LKA,2006,5.59358596801757
Sri Lanka,LKA,2009,5.99714565277099
Sri Lanka,LKA,2012,6.55051660537719
Sri Lanka,LKA,2016,7.53378200531005
Sri Lanka,LKA,2019,7.90575838088989
Sudan,SDN,2009,6.09396982192993
Sudan,SDN,2014,5.91506719589233
Suriname,SUR,2022,14.4376420974731
Sweden,SWE,1975,27.8099575042724
Sweden,SWE,1981,30.0999069213867
Sweden,SWE,1987,31.5646133422851
Sweden,SWE,1992,37.0520858764648
Sweden,SWE,1995,35.53564453125
Sweden,SWE,2000,39.3760681152343
Sweden,SWE,2001,40.6517181396484
Sweden,SWE,2002,42.0010833740234
Sweden,SWE,2003,39.9508552551269
Sweden,SWE,2004,40.217788696289
Sweden,SWE,2005,41.2399291992187
Sweden,SWE,2006,43.224365234375
Sweden,SWE,2007,45.4149894714355
Sweden,SWE,2008,46.3807487487793
Sweden,SWE,2009,47.1963844299316
Sweden,SWE,2010,47.8360176086425
Sweden,SWE,2011,48.4733200073242
Sweden,SWE,2012,49.3897514343261
Sweden,SWE,2013,50.2175979614257
Sweden,SWE,2014,51.5671882629394
Sweden,SWE,2015,52.8346672058105
Sweden,SWE,2016,53.6846008300781
Sweden,SWE,2017,53.7220115661621
Sweden,SWE,2018,54.214557647705
Sweden,SWE,2019,55.612564086914
Sweden,SWE,2020,56.9807624816894
Sweden,SWE,2021,56.6702423095703
Sweden,SWE,2022,55.9760551452636
Sweden,SWE,2023,55.6033515930175
Switzerland,CHE,1982,63.0348854064941
Switzerland,CHE,1992,62.8876647949218
Switzerland,CHE,2000,61.1233673095703
Switzerland,CHE,2002,65.5840682983398
Switzerland,CHE,2004,62.8589439392089
Switzerland,CHE,2006,65.6033630371093
Switzerland,CHE,2007,66.449951171875
Switzerland,CHE,2008,67.3370361328125
Switzerland,CHE,2009,67.3908309936523
Switzerland,CHE,2010,68.6006088256836
Switzerland,CHE,2011,70.2131805419921
Switzerland,CHE,2012,71.0377960205078
Switzerland,CHE,2013,70.2807312011718
Switzerland,CHE,2014,70.8927383422851
Switzerland,CHE,2015,71.447151184082
Switzerland,CHE,2016,72.0669631958007
Switzerland,CHE,2017,72.1725692749023
Switzerland,CHE,2018,70.9879379272461
Switzerland,CHE,2019,71.4418411254882
Switzerland,CHE,2020,72.5890502929687
Switzerland,CHE,2021,73.0670623779296
Switzerland,CHE,2022,72.2890090942382
Syria,SYR,1996,9.29192543029785
Syria,SYR,2003,11.2424945831298
Syria,SYR,2006,11.6429119110107
Syria,SYR,2009,11.4450101852417
Syria,SYR,2022,4.61311388015747
Taiwan,TWN,1981,15.2376470565795
Taiwan,TWN,1986,20.3651275634765
Taiwan,TWN,1991,33.812931060791
Taiwan,TWN,1995,39.6497535705566
Taiwan,TWN,1997,41.6507377624511
Taiwan,TWN,2000,43.6105194091796
Taiwan,TWN,2005,43.0448303222656
Taiwan,TWN,2007,40.8549919128418
Taiwan,TWN,2010,38.0627632141113
Taiwan,TWN,2013,38.7639350891113
Taiwan,TWN,2016,41.7246704101562
Taiwan,TWN,2017,42.8058128356933
Taiwan,TWN,2018,43.1041221618652
Taiwan,TWN,2019,44.3007354736328
Taiwan,TWN,2020,46.5261306762695
Taiwan,TWN,2021,46.1442680358886
Tajikistan,TJK,1999,1.95671725273132
Tajikistan,TJK,2003,2.75256061553955
Tajikistan,TJK,2004,3.61437034606933
Tajikistan,TJK,2007,4.29713535308837
Tajikistan,TJK,2009,5.02996158599853
Tajikistan,TJK,2015,5.69684410095214
Tajikistan,TJK,2021,6.59409427642822
Tajikistan,TJK,2022,7.12204074859619
Tajikistan,TJK,2023,7.60265493392944
Tajikistan,TJK,2024,7.61428928375244
Tanzania,TZA,1991,2.04007339477539
Tanzania,TZA,2000,1.36763286590576
Tanzania,TZA,2007,2.460862159729
Tanzania,TZA,2011,2.93843960762023
Tanzania,TZA,2018,2.9583134651184
Thailand,THA,1981,4.39703607559204
Thailand,THA,1988,4.60660934448242
Thailand,THA,1990,4.8873553276062
Thailand,THA,1992,5.6281623840332
Thailand,THA,1994,6.49048948287963
Thailand,THA,1996,7.13488864898681
Thailand,THA,1998,7.29658555984497
Thailand,THA,1999,6.80292034149169
Thailand,THA,2000,6.72794914245605
Thailand,THA,2002,7.82826662063598
Thailand,THA,2004,8.82666110992431
Thailand,THA,2006,10.0927190780639
Thailand,THA,2007,10.3423604965209
Thailand,THA,2008,10.8397636413574
Thailand,THA,2009,11.4065599441528
Thailand,THA,2010,11.6802892684936
Thailand,THA,2011,12.2021875381469
Thailand,THA,2012,12.8994150161743
Thailand,THA,2013,13.2849769592285
Thailand,THA,2014,13.4665832519531
Thailand,THA,2015,14.3018655776977
Thailand,THA,2016,14.1104621887207
Thailand,THA,2017,14.4731187820434
Thailand,THA,2018,14.2389469146728
Thailand,THA,2019,14.5330123901367
Thailand,THA,2020,14.9383192062377
Thailand,THA,2021,14.9830026626586
Thailand,THA,2022,16.7443771362304
Thailand,THA,2023,16.3504581451416
Thailand,THA,2024,15.7174787521362
Togo,TGO,2006,2.11115622520446
Togo,TGO,2011,2.13959336280822
Togo,TGO,2015,2.32835459709167
Togo,TGO,2018,3.85627818107605
Togo,TGO,2021,3.85133743286132
Tonga,TON,2000,9.9420804977417
Tonga,TON,2009,9.09493160247802
Tonga,TON,2015,7.7448296546936
Tonga,TON,2021,11.0026979446411
Tunisia,TUN,1985,5.38295984268188
Tunisia,TUN,1990,6.20414972305297
Tunisia,TUN,1995,6.10231637954711
Tunisia,TUN,2000,7.29535913467407
Tunisia,TUN,2005,8.43693542480468
Tunisia,TUN,2010,10.7528409957885
Tunisia,TUN,2015,12.3665475845336
Tunisia,TUN,2021,13.0399627685546
Turkey,TUR,1987,7.40858888626098
Turkey,TUR,1994,7.64347028732299
Turkey,TUR,2002,8.24209117889404
Turkey,TUR,2003,7.69971227645874
Turkey,TUR,2004,9.89964771270752
Turkey,TUR,2005,10.2955341339111
Turkey,TUR,2006,10.842562675476
Turkey,TUR,2007,11.6092720031738
Turkey,TUR,2008,12.882827758789
Turkey,TUR,2009,12.5756072998046
Turkey,TUR,2010,12.664999961853
Turkey,TUR,2011,13.4786338806152
Turkey,TUR,2012,13.871971130371
Turkey,TUR,2013,14.614254951477
Turkey,TUR,2014,14.7686004638671
Turkey,TUR,2015,14.2964372634887
Turkey,TUR,2016,15.3756475448608
Turkey,TUR,2017,16.9008903503417
Turkey,TUR,2018,17.5603675842285
Turkey,TUR,2019,17.5090541839599
Turkey,TUR,2020,17.8017177581787
Turkey,TUR,2021,19.1760635375976
Turkey,TUR,2022,19.9410076141357
Turkey,TUR,2023,27.7452926635742
Tuvalu,TUV,2010,6.93993854522705
Uganda,UGA,1989,1.87452971935272
Uganda,UGA,1992,1.73728859424591
Uganda,UGA,1996,1.76126933097839
Uganda,UGA,1999,1.63302195072174
Uganda,UGA,2002,1.69887447357177
Uganda,UGA,2005,1.96225523948669
Uganda,UGA,2009,2.38331961631774
Uganda,UGA,2012,2.72637176513671
Uganda,UGA,2016,2.52399230003356
Uganda,UGA,2019,2.5614321231842
Ukraine,UKR,1992,6.88825368881225
Ukraine,UKR,1993,6.80072116851806
Ukraine,UKR,1995,6.30742740631103
Ukraine,UKR,1996,5.53929042816162
Ukraine,UKR,2002,6.38916635513305
Ukraine,UKR,2003,7.10847377777099
Ukraine,UKR,2004,8.01609992980957
Ukraine,UKR,2005,9.45484542846679
Ukraine,UKR,2006,10.1559314727783
Ukraine,UKR,2007,9.94811344146728
Ukraine,UKR,2008,11.4150085449218
Ukraine,UKR,2009,10.6800518035888
Ukraine,UKR,2010,11.4793901443481
Ukraine,UKR,2011,11.9227437973022
Ukraine,UKR,2012,12.4398527145385
Ukraine,UKR,2013,13.1452074050903
Ukraine,UKR,2014,12.6281461715698
Ukraine,UKR,2015,11.2265014648437
Ukraine,UKR,2016,11.5715169906616
Ukraine,UKR,2017,12.5389747619628
Ukraine,UKR,2018,13.0818214416503
Ukraine,UKR,2019,14.2782573699951
Ukraine,UKR,2020,13.7033014297485
United Arab Emirates,ARE,2013,67.1323089599609
United Arab Emirates,ARE,2018,76.5187911987304
United Kingdom,GBR,1968,20.9244213104248
United Kingdom,GBR,1969,20.9819450378417
United Kingdom,GBR,1970,21.3303108215332
United Kingdom,GBR,1971,20.9880027770996
United Kingdom,GBR,1972,22.0826835632324
United Kingdom,GBR,1973,23.6707782745361
United Kingdom,GBR,1974,23.8723716735839
United Kingdom,GBR,1975,23.4113044738769
United Kingdom,GBR,1976,22.5224246978759
United Kingdom,GBR,1977,22.2264823913574
United Kingdom,GBR,1978,24.3775482177734
United Kingdom,GBR,1979,24.5415840148925
United Kingdom,GBR,1980,24.8925457000732
United Kingdom,GBR,1981,24.6778926849365
United Kingdom,GBR,1982,27.1026763916015
United Kingdom,GBR,1983,25.970006942749
United Kingdom,GBR,1984,27.1712265014648
United Kingdom,GBR,1985,27.4707984924316
United Kingdom,GBR,1986,29.3135662078857
United Kingdom,GBR,1987,30.2015590667724
United Kingdom,GBR,1988,31.936279296875
United Kingdom,GBR,1989,32.9807739257812
United Kingdom,GBR,1990,33.3024139404296
United Kingdom,GBR,1991,34.4119644165039
United Kingdom,GBR,1992,33.5388755798339
United Kingdom,GBR,1993,33.3482704162597
United Kingdom,GBR,1994,35.8561668395996
United Kingdom,GBR,1995,36.079776763916
United Kingdom,GBR,1996,37.7643508911132
United Kingdom,GBR,1997,38.908405303955
United Kingdom,GBR,1998,40.3397407531738
United Kingdom,GBR,1999,41.1510887145996
United Kingdom,GBR,2000,43.4835472106933
United Kingdom,GBR,2001,45.1725387573242
United Kingdom,GBR,2002,45.6907501220703
United Kingdom,GBR,2003,46.7243881225585
United Kingdom,GBR,2004,48.0678405761718
United Kingdom,GBR,2005,49.0020179748535
United Kingdom,GBR,2006,49.3837966918945
United Kingdom,GBR,2007,50.8627853393554
United Kingdom,GBR,2008,50.6568565368652
United Kingdom,GBR,2009,50.1237106323242
United Kingdom,GBR,2010,49.9750862121582
United Kingdom,GBR,2011,49.3469085693359
United Kingdom,GBR,2012,49.0806274414062
United Kingdom,GBR,2013,49.599998474121
United Kingdom,GBR,2014,51.0024375915527
United Kingdom,GBR,2015,51.6529388427734
United Kingdom,GBR,2016,52.6146202087402
United Kingdom,GBR,2017,52.7555084228515
United Kingdom,GBR,2018,52.6537055969238
United Kingdom,GBR,2019,54.9210548400878
United Kingdom,GBR,2020,53.371711730957
United Kingdom,GBR,2021,54.5534553527832
United States,USA,1963,33.2919425964355
United States,USA,1964,34.5586280822753
United States,USA,1965,36.6557693481445
United States,USA,1966,37.0308189392089
United States,USA,1967,38.6824951171875
United States,USA,1968,40.3433990478515
United States,USA,1969,41.7023277282714
United States,USA,1970,41.5675163269043
United States,USA,1971,42.1933364868164
United States,USA,1972,45.8525009155273
United States,USA,1973,47.0340042114257
United States,USA,1974,45.4960403442382
United States,USA,1975,46.0106201171875
United States,USA,1976,47.3709259033203
United States,USA,1977,47.9233245849609
United States,USA,1978,48.984764099121
United States,USA,1979,49.4233322143554
United States,USA,1980,47.1732101440429
United States,USA,1981,45.7829246520996
United States,USA,1982,46.0031700134277
United States,USA,1983,47.4541320800781
United States,USA,1984,49.374942779541
United States,USA,1985,49.8246879577636
United States,USA,1986,51.3409576416015
United States,USA,1987,53.3087730407714
United States,USA,1988,53.5547256469726
United States,USA,1989,53.7864761352539
United States,USA,1990,52.3220596313476
United States,USA,1991,52.4437026977539
United States,USA,1992,52.1221504211425
United States,USA,1993,51.422924041748
United States,USA,1994,52.3727226257324
United States,USA,1995,52.8651084899902
United States,USA,1996,53.3438644409179
United States,USA,1997,54.6820487976074
United States,USA,1998,57.0912933349609
United States,USA,1999,58.1806335449218
United States,USA,2000,58.6064834594726
United States,USA,2001,58.2927894592285
United States,USA,2002,59.0293312072753
United States,USA,2003,59.2752113342285
United States,USA,2004,58.6522407531738
United States,USA,2005,59.0902252197265
United States,USA,2006,59.7681121826171
United States,USA,2007,60.1203002929687
United States,USA,2008,58.5281715393066
United States,USA,2009,59.0957870483398
United States,USA,2010,58.3575363159179
United States,USA,2011,58.0320396423339
United States,USA,2012,58.3361854553222
United States,USA,2013,57.9576416015625
United States,USA,2014,56.5405921936035
United States,USA,2015,59.4624595642089
United States,USA,2016,62.983299255371
United States,USA,2017,63.9190940856933
United States,USA,2018,66.0461883544921
United States,USA,2019,70.5158233642578
United States,USA,2020,74.1399307250976
United States,USA,2021,73.6221618652343
United States,USA,2022,67.7236099243164
United States,USA,2023,69.7434158325195
United States,USA,2024,72.0654067993164
Uruguay,URY,2006,15.4720544815063
Uruguay,URY,2007,16.7134246826171
Uruguay,URY,2008,18.9140453338623
Uruguay,URY,2009,20.2937564849853
Uruguay,URY,2010,20.5870304107666
Uruguay,URY,2011,23.3952884674072
Uruguay,URY,2012,24.449649810791
Uruguay,URY,2013,25.3224544525146
Uruguay,URY,2014,26.8295707702636
Uruguay,URY,2015,27.3079681396484
Uruguay,URY,2016,26.8246326446533
Uruguay,URY,2017,27.8599338531494
Uruguay,URY,2018,27.1749401092529
Uruguay,URY,2019,26.8040962219238
Uruguay,URY,2020,24.765676498413
Uruguay,URY,2021,24.6223125457763
Uruguay,URY,2022,25.5830078125
Uruguay,URY,2023,25.881685256958
Uruguay,URY,2024,26.8407592773437
Uzbekistan,UZB,2021,9.7785415649414
Uzbekistan,UZB,2022,10.6224470138549
Uzbekistan,UZB,2023,12.551661491394
Uzbekistan,UZB,2024,13.7753267288208
Uzbekistan,UZB,2025,16.539041519165
Vanuatu,VUT,2010,4.55865716934204
Vanuatu,VUT,2019,5.16720151901245
Venezuela,VEN,1981,10.1542596817016
Venezuela,VEN,1987,9.36493110656738
Venezuela,VEN,1989,10.8345079421997
Venezuela,VEN,1992,9.99907112121582
Venezuela,VEN,1995,7.40455245971679
Venezuela,VEN,1998,7.79739999771118
Venezuela,VEN,1999,7.06801414489746
Venezuela,VEN,2001,7.38582229614257
Venezuela,VEN,2002,5.99211978912353
Venezuela,VEN,2003,5.23633050918579
Venezuela,VEN,2004,5.92151832580566
Venezuela,VEN,2005,7.3531789779663
Venezuela,VEN,2006,9.38590145111084
Vietnam,VNM,1992,2.70371127128601
Vietnam,VNM,1997,3.47759079933166
Vietnam,VNM,2002,3.28511881828308
Vietnam,VNM,2004,3.9899423122406
Vietnam,VNM,2006,4.60619020462036
Vietnam,VNM,2008,4.94610500335693
Vietnam,VNM,2010,8.34760761260986
Vietnam,VNM,2012,9.26278495788574
Vietnam,VNM,2014,9.96549606323242
Vietnam,VNM,2016,11.4456624984741
Vietnam,VNM,2018,12.7021532058715
Vietnam,VNM,2020,13.8708963394165
Vietnam,VNM,2022,13.3191947937011
Yemen,YEM,1998,5.74686574935913
Yemen,YEM,2005,4.48843431472778
Yemen,YEM,2014,3.79804706573486
Zambia,ZMB,1991,1.86263585090637
Zambia,ZMB,1993,1.92930662631988
Zambia,ZMB,1996,2.63506770133972
Zambia,ZMB,1998,2.57527256011962
Zambia,ZMB,2002,2.18324995040893
Zambia,ZMB,2004,1.81954097747802
Zambia,ZMB,2006,1.6569355726242
Zambia,ZMB,2010,1.73855364322662
Zambia,ZMB,2015,1.81831395626068
Zambia,ZMB,2022,1.67918646335601
Zimbabwe,ZWE,2011,3.93138599395751
Zimbabwe,ZWE,2017,3.3001365661621
Zimbabwe,ZWE,2019,3.04786372184753
